# Province	District	Lab / hospital site (kind=lab in import)
Harare	Harare	Beatrice Infectious - 100050 - Hospital
Mashonaland Central	Bindura	Bindura Provincial Hospital
Mashonaland West	Makonde	Chinhoyi  - 100235 - Provincial Hospital
Matabeleland South	Gwanda	Gwanda Provincial Hospital
Midlands	Gweru	Gweru Provincial Hospital
Mashonaland West	Kadoma Sanyati	Kadoma - 100681 - District Hosp
Mashonaland East	Marondera	Marondera Provincial Hospital
Mashonaland East	Murewa	Murewa District Hospital
Masvingo	Masvingo	Masvingo - 100937 - General Hospital
Bulawayo	Bulawayo	Mpilo Central Hospital
Manicaland	Mutare	Mutare - 101165 - Provincial Hospital
Harare	Harare	National Reference Laboratory - 101206 - Laboratory
Matabeleland North	Lupane	St Luke's Mission Hospital
Bulawayo	Bulawayo	United Bulawayo Hospital
Matabeleland North	Hwange	Victoria Falls Hospital
Mashonaland Central	Mazowe	Concession District Lab
Mashonaland Central	Mount Darwin	Mt. Darwin District Lab
Mashonaland Central	Mazowe	Mvurwi District Lab
Mashonaland Central	Guruve	Guruve District Lab
Manicaland	Chipinge	Chipinge District Lab
Manicaland	Chipinge	Mt Selinda District Lab
Manicaland	Chipinge	St. Peters District Lab
Manicaland	Buhera	Murambinda District Lab
Manicaland	Buhera	Birchenough District Lab
Manicaland	Mutasa	Bonda District Lab
Manicaland	Mutasa	Hauna District Lab
Manicaland	Mutasa	Old Mutare District Lab
Manicaland	Makoni	Rusape District Lab
Matabeleland South	Umzingwane	Esigodini District Lab
Matabeleland South	Insiza	Filabusi District Lab
Matabeleland South	Mangwe	Plumtree District Lab
Matabeleland South	Matobo	Maphisa District Lab
Matabeleland North	Bubi	Inyathi District Lab
Matabeleland North	Umguza	Nyamandlovu District Lab
Matabeleland North	Nkayi	Nkayi District Lab
Matabeleland North	Tsholotsho	Tsholotsho District Lab
