Bulawayo	Bulawayo	Bambanani  New Start Centre
Bulawayo	Bulawayo	bu Cowdray Park Clinic
Bulawayo	Bulawayo	bu Dr Shennan Clinic
Bulawayo	Bulawayo	bu EF Watson Clinic
Bulawayo	Bulawayo	bu Emakhandeni Clinic
Bulawayo	Bulawayo	bu Entumbane Clinic
Bulawayo	Bulawayo	bu Ingutsheni Central Hospital
Bulawayo	Bulawayo	Khami Clinic
Bulawayo	Bulawayo	bu Luveve Clinic
Bulawayo	Bulawayo	bu Magwegwe Clinic
Bulawayo	Bulawayo	bu Maqhawe Clinic
Bulawayo	Bulawayo	bu Mpilo Central Hospital
Bulawayo	Bulawayo	bu Mzilikazi Clinic
Bulawayo	Bulawayo	bu Njube Clinic
Bulawayo	Bulawayo	bu Nketa Clinic
Bulawayo	Bulawayo	bu Nkulumane Clinic
Bulawayo	Bulawayo	bu Northern Suburbs Clinic
Bulawayo	Bulawayo	bu Pelandaba Clinic
Bulawayo	Bulawayo	bu Princess Margaret Clinic
Bulawayo	Bulawayo	bu Pumula Clinic
Bulawayo	Bulawayo	bu Pumula South Clinic
Bulawayo	Bulawayo	bu Tshabalala Clinic
Bulawayo	Bulawayo	United Bulawayo Hospital Central Hospital
Harare	Harare	ha Arcadia Clinic
Harare	Harare	ha Avondale Clinic
Harare	Harare	Beatrice Infectious Hospital
Harare	Harare	Belvedere Poly clinic
Harare	Harare	ha Borrowdale Clinic
Harare	Harare	Braeside Clinic
Harare	Harare	Budiriro Poly Clinic
Harare	Harare	Budiriro Satelite Clinic
Harare	Harare	Caledonia Clinic
Harare	Harare	Chitungwiza General Hospital
Harare	Harare	Eastly Clinic
Harare	Harare	Epworth Mission Clinic
Harare	Harare	Epworth Poly Clinic
Harare	Harare	ha Glen Norah Satellite Clinic
Harare	Harare	ha Glen View Satellite Clinic
Harare	Harare	Glen View Poly clinic
Harare	Harare	Greendale Clinic
Harare	Harare	Harare Hospital
Harare	Harare	Hatcliffe Poly clinic
Harare	Harare	ha Hatfield Clinic
Harare	Harare	Highfield Poly Clinic
Harare	Harare	Highlands Clinic
Harare	Harare	Highlands Private Clinic
Harare	Harare	Hopley Clinic
Harare	Harare	Kambuzuma Poly clinic
Harare	Harare	ha Kuwadzana Phase 4 Clinic
Harare	Harare	Kuwadzana Poly Clinic
Harare	Harare	ha Mabelreign Satellite Clinic
Harare	Harare	Mabvuku Clinic
Harare	Harare	Mabvuku Poly Clinic
Harare	Harare	Malborough Council Clinic
Harare	Harare	ha Matapi Clinic
Harare	Harare	ha Mbare Hostels Clinic
Harare	Harare	Mbare Poly clinic
Harare	Harare	Mt. Pleasant Clinic
Harare	Harare	Mufakose Poly clinic
Harare	Harare	New Africa House New Start Centre
Harare	Harare	Overspill Satellite Clinic
Harare	Harare	Parirenyatwa Central Hospital
Harare	Harare	Parirenyatwa Primary Care Clinic
Harare	Harare	Rujeko  Poly clinic
Harare	Harare	Rutsanana Clinic
Harare	Harare	Seke North Clinic
Harare	Harare	Seke South Clinic
Harare	Harare	ha Southerton Clinic
Harare	Harare	St. Mary's Clinic
Harare	Harare	Sunningdale Satellite Clinic
Harare	Harare	Tafara Clinic
Harare	Harare	ha Warren Park PolyClinic
Harare	Harare	ha Waterfalls Clinic
Harare	Harare	ha Western Triangle Clinic
Harare	Harare	Wilkins Infectious Disease Hospital Infectious Disease Hospital
Harare	Harare	Zengeza Clinic Council Clinic
Manicaland	Buhera	ma Bangure Clinic
Manicaland	Buhera	Berenyazvidzi Clinic
Manicaland	Buhera	ma Betera Rural Health Centre
Manicaland	Buhera	Birchenough Rural Hospital
Manicaland	Buhera	ma Buhera Rural Hospital
Manicaland	Buhera	ma Chabata Clinic
Manicaland	Buhera	ma Chapanduka Clinic
Manicaland	Buhera	ma Chapwanya Clinic
Manicaland	Buhera	Chawatama Rural Health Centre
Manicaland	Buhera	ma Chimbudzi Clinic
Manicaland	Buhera	ma Chirozva Clinic
Manicaland	Buhera	ma Chiwenga Clinic
Manicaland	Buhera	Chiweshe Clinic
Manicaland	Buhera	Garamwera Clinic
Manicaland	Buhera	ma Gombe Clinic
Manicaland	Buhera	ma Gunura Clinic
Manicaland	Buhera	ma Madzimbashuro Rural Health Centre
Manicaland	Buhera	ma Mombeyarara Rural Health Centre
Manicaland	Buhera	ma Mudanda Clinic
Manicaland	Buhera	ma Mudawose Clinic
Manicaland	Buhera	ma Munyanyi Clinic
Manicaland	Buhera	Murambinda District Hospital
Manicaland	Buhera	ma Murwira Rural Health Centre
Manicaland	Buhera	ma Mutepfe Clinic
Manicaland	Buhera	ma Mutiusinazita Clinic
Manicaland	Buhera	ma Muzokomba Clinic
Manicaland	Buhera	ma Nerutanga Clinic
Manicaland	Buhera	Nyashanu Rural Hospital
Manicaland	Buhera	Rambanapasi Clinic
Manicaland	Buhera	ma Zangama Rural Health Centre
Manicaland	Chipinge	ARDA Estates Clinic
Manicaland	Chipinge	ARDA Mid-Save Clinic
Manicaland	Chipinge	Avontour Tingamire Clinic
Manicaland	Chipinge	ma Chibuwe Clinic
Manicaland	Chipinge	ma Chichichi Clinic
Manicaland	Chipinge	ma Chikore Mission Hospital
Manicaland	Chipinge	Chinyamukwaka Clinic
Manicaland	Chipinge	ma Chipangayi Clinic
Manicaland	Chipinge	ma Chipinge Town Clinic
Manicaland	Chipinge	Chiriga Rural Health Centre
Manicaland	Chipinge	ma Chisuma Clinic
Manicaland	Chipinge	Clear Water Clinic
Manicaland	Chipinge	Gaza Council Clinic
Manicaland	Chipinge	ma Gumira Clinic
Manicaland	Chipinge	ma Gwenzi Clinic
Manicaland	Chipinge	Hwakata Clinic
Manicaland	Chipinge	ma Jersey Clinic
Manicaland	Chipinge	ma Junction Gate Clinic
Manicaland	Chipinge	ma Kondo Clinic
Manicaland	Chipinge	Kopera Clinic
Manicaland	Chipinge	Mabeye Clinic
Manicaland	Chipinge	Madhuka Rural Health Centre
Manicaland	Chipinge	Mahenye Clinic
Manicaland	Chipinge	ma Manzvire Clinic
Manicaland	Chipinge	Mt. Selinda Mission Hospital
Manicaland	Chipinge	Muparadze Clinic
Manicaland	Chipinge	ma Musani Clinic
Manicaland	Chipinge	Musirwizi Clinic
Manicaland	Chipinge	Muswera Clinic
Manicaland	Chipinge	ma Mutandahwe Clinic
Manicaland	Chipinge	ma Mutema Clinic
Manicaland	Chipinge	New Year Gift Clinic
Manicaland	Chipinge	Ngaome Clinic
Manicaland	Chipinge	ma Nyunga Clinic
Manicaland	Chipinge	Paidamoyo Clinic
Manicaland	Chipinge	ma Ratelshoek Clinic
Manicaland	Chipinge	ma Rimbi Clinic
Manicaland	Chipinge	Silverstream Clinic
Manicaland	Chipinge	Southdowns Clinic
Manicaland	Chipinge	St. Peters Mission Hospital
Manicaland	Chipinge	Tamandai Clinic
Manicaland	Chipinge	Tanganda Clinic
Manicaland	Chipinge	Tongogara Clinic
Manicaland	Chipinge	Tuzuka Rural Health Centre
Manicaland	Chipinge	Vheneka Clinic
Manicaland	Chipinge	Zamchiya Clinic
Manicaland	Chipinge	ma Zona Clinic
Manicaland	Makoni	Anorldine Clinic
Manicaland	Makoni	ma Bamba Rural Health Centre
Manicaland	Makoni	ma Chiduku Clinic
Manicaland	Makoni	ma Chikobvore Rural Health Centre
Manicaland	Makoni	ma Chikore Clinic
Manicaland	Makoni	ma Chinhenga Rural Health Centre
Manicaland	Makoni	ma Chinyadza Clinic
Manicaland	Makoni	ma Chinyika 1 Rural Health Centre
Manicaland	Makoni	ma Chinyika 2 Rural Health Centre
Manicaland	Makoni	ma Chinyudze Rural Health Centre
Manicaland	Makoni	ma Chitungwiza Clinic
Manicaland	Makoni	ma Dowa Clinic
Manicaland	Makoni	Dumbamwe Clinic
Manicaland	Makoni	Era Mine Mine Clinic
Manicaland	Makoni	Gorubi Springs Rural Health Centre
Manicaland	Makoni	ma Gowakowa Rural Health Centre
Manicaland	Makoni	ma Headlands Clinic
Manicaland	Makoni	ma Katsenga Rural Health Centre
Manicaland	Makoni	ma Makoni Rural Hospital
Manicaland	Makoni	ma Maparura Rural Health Centre
Manicaland	Makoni	ma Masvosva Rural Health Centre
Manicaland	Makoni	Matotwe Clinic
Manicaland	Makoni	ma Matsika Clinic
Manicaland	Makoni	ma Mavhudzi Clinic
Manicaland	Makoni	ma Maurice Nyagumbo Clinic
Manicaland	Makoni	ma Mayo 1 Rural Health Centre
Manicaland	Makoni	ma Mayo 2 Rural Health Centre
Manicaland	Makoni	ma Mubvurungwa Clinic
Manicaland	Makoni	ma Mufusire Clinic
Manicaland	Makoni	ma Mukamba Clinic
Manicaland	Makoni	Mukuwapasi Clinic
Manicaland	Makoni	Nasmie Clinic
Manicaland	Makoni	Nedevedzo Rural Hospital
Manicaland	Makoni	ma Nedziwa Clinic
Manicaland	Makoni	ma Nyahowe Rural Health Centre
Manicaland	Makoni	ma Nyahukwe Rural Health Centre
Manicaland	Makoni	ma Nyamidzi Clinic
Manicaland	Makoni	ma Nyamukamani Rural Health Centre
Manicaland	Makoni	ma Nyamusosa Clinic
Manicaland	Makoni	ma Nyazura Clinic
Manicaland	Makoni	ma Nyazura Mission Clinic
Manicaland	Makoni	ma Ringanayi Clinic
Manicaland	Makoni	ma Rukweza Clinic
Manicaland	Makoni	ma Sangano Clinic
Manicaland	Makoni	St. Michael's Mission Hospital
Manicaland	Makoni	St. Theresa Mission Hospital
Manicaland	Makoni	ma Tandi Clinic
Manicaland	Makoni	Tariro Clinic
Manicaland	Makoni	ma Tsanzaguru Clinic
Manicaland	Makoni	ma Vengere Clinic
Manicaland	Makoni	ma Weya Rural Hospital
Manicaland	Makoni	Zunidza Clinic
Manicaland	Mutare	ma Arda Odzi Clinic
Manicaland	Mutare	ARDA Transau  Clinic
Manicaland	Mutare	ma Bakorenhema Clinic
Manicaland	Mutare	Berzerly Bridge Clinic
Manicaland	Mutare	ma Burma Valley Clinic
Manicaland	Mutare	Bwizi Clinic
Manicaland	Mutare	ma Chiadzwa Rural Health Centre
Manicaland	Mutare	Chikanga Clinic
Manicaland	Mutare	Chikwariro Mission Hospital
Manicaland	Mutare	Chipendeke Rural Health Centre
Manicaland	Mutare	ma Chipfatsura Clinic
Manicaland	Mutare	ma Chishingwi Clinic
Manicaland	Mutare	ma Chitaka Clinic
Manicaland	Mutare	ma Chitakatira Clinic
Manicaland	Mutare	ma Chitora Clinic
Manicaland	Mutare	Chiwere Rural Health Centre
Manicaland	Mutare	Dangamvura Clinic
Manicaland	Mutare	ma Dora Clinic
Manicaland	Mutare	Fernvalley Clinic
Manicaland	Mutare	ma Florida Clinic
Manicaland	Mutare	ma Gutaurare Rural Health Centre
Manicaland	Mutare	ma Gwindingwi Rural Health Centre
Manicaland	Mutare	Hob House  Clinic
Manicaland	Mutare	Lee Kul Clinic
Manicaland	Mutare	ma Mambwere Clinic
Manicaland	Mutare	ma Marange Rural Hospital
Manicaland	Mutare	ma Masasi Clinic
Manicaland	Mutare	Matanda Rural Health Centre
Manicaland	Mutare	ma Mavhiza Clinic
Manicaland	Mutare	Mt. Zuma Rural Health Centre
Manicaland	Mutare	Mukwada Clinic
Manicaland	Mutare	ma Munyarari Clinic
Manicaland	Mutare	ma Muromo Rural Health Centre
Manicaland	Mutare	ma Mushunje Clinic
Manicaland	Mutare	Mutare Council Clinic
Manicaland	Mutare	Mutare New Start Centre
Manicaland	Mutare	Mutare Provincial Hospital
Manicaland	Mutare	ma Nyagundi Rural Health Centre
Manicaland	Mutare	ma Nyamazura Rural Health Centre
Manicaland	Mutare	ma Nzvenga Clinic
Manicaland	Mutare	Odzi Rural Hospital
Manicaland	Mutare	ma Rowa Clinic
Manicaland	Mutare	Sakubva Health Centre Hospital
Manicaland	Mutare	ma St Andrew's Mission Hospital
Manicaland	Mutare	St. Joseph's T.B Hospital
Manicaland	Mutare	St. Welburgh Mission Clinic
Manicaland	Mutare	ma Vumba Clinic
Manicaland	Mutare	ma Zimunya Clinic
Manicaland	Mutare	ma Zumbare Clinic
Manicaland	Mutare	Zvipiripiri Clinic
Manicaland	Mutasa	ma Bonda Mission Hospital
Manicaland	Mutasa	ma Chavhanga Rural Health Centre
Manicaland	Mutasa	Chinamasa Rural Health Centre
Manicaland	Mutasa	Chisuko Council Clinic
Manicaland	Mutasa	Chitombo Council Clinic
Manicaland	Mutasa	Drenane Timbers Private Clinic
Manicaland	Mutasa	Eastern Highlands 1 Private Tanganda
Manicaland	Mutasa	ma Gatsi Mission Clinic
Manicaland	Mutasa	Guta Council Clinic
Manicaland	Mutasa	Haparare Council Clinic
Manicaland	Mutasa	ma Hauna Clinic
Manicaland	Mutasa	Honde Mission Hospital
Manicaland	Mutasa	ma Jombe Clinic
Manicaland	Mutasa	Katiyo Private-Tanganda
Manicaland	Mutasa	Magadzire Clinic
Manicaland	Mutasa	Mandeya 11 Clinic
Manicaland	Mutasa	ma Mapara Clinic
Manicaland	Mutasa	Moyoweshumba Council Clinic
Manicaland	Mutasa	Mt. Jenya Council Clinic
Manicaland	Mutasa	Mupotedzi Gvt Clinic
Manicaland	Mutasa	Mutasa Council Clinic
Manicaland	Mutasa	Ngarura Council Clinic
Manicaland	Mutasa	Nyanga Pines Clinic
Manicaland	Mutasa	ma Old Mutare Mission Hospital
Manicaland	Mutasa	Premier Clinic
Manicaland	Mutasa	Red Wing Private-Mine
Manicaland	Mutasa	ma Rupinda Rural Health Centre
Manicaland	Mutasa	ma Sachisuko Clinic
Manicaland	Mutasa	Sadziwa Council Clinic
Manicaland	Mutasa	Sagambe Council Clinic
Manicaland	Mutasa	Sahumani Council Clinic
Manicaland	Mutasa	Sakupwanya Council Clinic
Manicaland	Mutasa	Samanga Council clinic
Manicaland	Mutasa	Samaringa Council clinic
Manicaland	Mutasa	Selbourne Wattle Company Private Clinic
Manicaland	Mutasa	Sheba Border Timbers Private Clinic
Manicaland	Mutasa	ma Sherukuru Rural Health Centre
Manicaland	Mutasa	St. Augustine's Mission Clinic
Manicaland	Mutasa	St. Barbara's Mission Hospitals
Manicaland	Mutasa	St. Peter's Mandeya Mission Hospital
Manicaland	Mutasa	ma Triashill Mission Hospital
Manicaland	Mutasa	ma Tsonzo Rural Hospital
Manicaland	Mutasa	ma Zindi Clinic
Manicaland	Mutasa	Zongoro Council Clinic
Mashonaland Central	Guruve	Angwa Clinic
Mashonaland Central	Guruve	mc Bakasa Clinic
Mashonaland Central	Guruve	mc Bepura Clinic
Mashonaland Central	Guruve	Birkdale Rural Health Centre
Mashonaland Central	Guruve	mc Brandon Clinic
Mashonaland Central	Guruve	Bvochora Clinic
Mashonaland Central	Guruve	Chapoto Clinic
Mashonaland Central	Guruve	Chidodo Clinic
Mashonaland Central	Guruve	Chikafa Clinic
Mashonaland Central	Guruve	mc Chipuriro Clinic
Mashonaland Central	Guruve	Chirunya Rural Health Centre
Mashonaland Central	Guruve	Chitsungo District Hospital
Mashonaland Central	Guruve	Gonono Clinic
Mashonaland Central	Guruve	mc Gota Clinic
Mashonaland Central	Guruve	Guruve Clinic
Mashonaland Central	Guruve	mc Kachuta Clinic
Mashonaland Central	Guruve	Kamusasa Clinic
Mashonaland Central	Guruve	Kemutamba Rural Health Centre
Mashonaland Central	Guruve	Mahuwe Clinic
Mashonaland Central	Guruve	Masoka Clinic
Mashonaland Central	Guruve	Masomo Clinic
Mashonaland Central	Guruve	mc Matsvitsi Clinic
Mashonaland Central	Guruve	Msengezi Clinic
Mashonaland Central	Guruve	Mugarakamwe Rural Health Centre
Mashonaland Central	Guruve	Mushumbi Clinic
Mashonaland Central	Guruve	Negomo Clinic
Mashonaland Central	Guruve	mc Nyakapupu Clinic
Mashonaland Central	Guruve	Nyambudzi Rural Health Centre
Mashonaland Central	Guruve	Nyamhondoro Clinic
Mashonaland Central	Guruve	mc Ruyamuro Clinic
Mashonaland Central	Guruve	Shinje Clinic
Mashonaland Central	Mazowe	Ardura Rural Health Centre
Mashonaland Central	Mazowe	mc Bare Clinic
Mashonaland Central	Mazowe	Belgone Clinic Clinic
Mashonaland Central	Mazowe	Chinehasha Clinic
Mashonaland Central	Mazowe	mc Christon Bank Clinic
Mashonaland Central	Mazowe	mc Dambo Clinic
Mashonaland Central	Mazowe	mc Davaar Clinic
Mashonaland Central	Mazowe	mc Donje Clinic
Mashonaland Central	Mazowe	mc Forrester Clinic
Mashonaland Central	Mazowe	Henderson Research Clinic
Mashonaland Central	Mazowe	Holmeden Clinic
Mashonaland Central	Mazowe	mc Howard Mission Hospital
Mashonaland Central	Mazowe	mc Iron Duke Clinic
Mashonaland Central	Mazowe	mc Jingamvura Clinic
Mashonaland Central	Mazowe	mc Makope Clinic
Mashonaland Central	Mazowe	Mazowe Citrus Hosp. Rural Hospital
Mashonaland Central	Mazowe	mc Mazowe Mine Clinic
Mashonaland Central	Mazowe	mc Mvurwi Hospital
Mashonaland Central	Mazowe	Nyakudya Clinic
Mashonaland Central	Mazowe	mc Nzvimbo Clinic
Mashonaland Central	Mazowe	mc Rosa Rural Hospital
Mashonaland Central	Mazowe	mc Shopo Clinic
Mashonaland Central	Mazowe	Shutu Clinic
Mashonaland Central	Mazowe	mc Tsungubvi Clinic
Mashonaland Central	Mazowe	Vonabor Clinic
Mashonaland Central	Mount Darwin	Bandimba Rural Health Centre
Mashonaland Central	Mount Darwin	Bveke Clinic (New
Mashonaland Central	Mount Darwin	mc Chawanda Clinic
Mashonaland Central	Mount Darwin	mc Chitepo Clinic
Mashonaland Central	Mount Darwin	mc Chitse Clinic
Mashonaland Central	Mount Darwin	Dotito Clinic
Mashonaland Central	Mount Darwin	mc Kaitano Clinic
Mashonaland Central	Mount Darwin	Kamutsenzere Clinic
Mashonaland Central	Mount Darwin	mc Karanda Mission Hospital
Mashonaland Central	Mount Darwin	mc Matope Clinic
Mashonaland Central	Mount Darwin	Mt. Darwin District Hospital
Mashonaland Central	Mount Darwin	mc Mukumbura Clinic
Mashonaland Central	Mount Darwin	mc Mutasa Clinic
Mashonaland Central	Mount Darwin	mc Mutungagore Clinic
Mashonaland Central	Mount Darwin	Nembire Clinic
Mashonaland Central	Mount Darwin	Nyamahobobo Clinic
Mashonaland Central	Mount Darwin	mc Pachanza Clinic
Mashonaland Central	Mount Darwin	Pfunyanguwo Clinic
Mashonaland Central	Mount Darwin	Tsakare Clinic
Mashonaland East	Goromonzi	Arcturus Clinic
Mashonaland East	Goromonzi	me Bosha Rural Health Centre
Mashonaland East	Goromonzi	Bromley Rural Health Centre
Mashonaland East	Goromonzi	me Chikwaka Rural Hospital
Mashonaland East	Goromonzi	me Chinamhora Clinic
Mashonaland East	Goromonzi	me Chinyika Clinic
Mashonaland East	Goromonzi	Cranborne Clinic Clinic
Mashonaland East	Goromonzi	Damafalls Poly Clinic
Mashonaland East	Goromonzi	Domboshava Clinic
Mashonaland East	Goromonzi	Gazebo Clinic
Mashonaland East	Goromonzi	Gejo raRuby Rural Health Centre
Mashonaland East	Goromonzi	Joan Rankini Rural Health Centre
Mashonaland East	Goromonzi	John Reimer Clinic
Mashonaland East	Goromonzi	me Kowoyo Clinic
Mashonaland East	Goromonzi	me Kubatsirana Clinic
Mashonaland East	Goromonzi	Masukandoro Clinic
Mashonaland East	Goromonzi	Melfort Rural Health Centre
Mashonaland East	Goromonzi	me Mwanza Rural Health Centre
Mashonaland East	Goromonzi	me Nyaure Clinic
Mashonaland East	Goromonzi	me Pote Clinic
Mashonaland East	Goromonzi	me Rusike Clinic
Mashonaland East	Goromonzi	Ruwa Clinic
Mashonaland East	Goromonzi	Ruwa Poly Clinic
Mashonaland East	Goromonzi	Ruwa Rehabilitation  Hospital
Mashonaland East	Goromonzi	me St Joseph's Clinic
Mashonaland East	Goromonzi	me Xanadu Clinic
Mashonaland East	Goromonzi	ZPCS Goromonzi Clinic
Mashonaland East	Marondera	me Border Church Rural Health Centre
Mashonaland East	Marondera	me Chimbwanda Rural Health Centre
Mashonaland East	Marondera	me Chiota Rural Hospital
Mashonaland East	Marondera	Chiparawe Clinic
Mashonaland East	Marondera	me Dimbiti Rural Health Centre
Mashonaland East	Marondera	Dombotombo Clinic
Mashonaland East	Marondera	Igava Clinic
Mashonaland East	Marondera	Kushinga Phikelela Clinic
Mashonaland East	Marondera	Lustliegh Clinic
Mashonaland East	Marondera	me Mahusekwa Hospital
Mashonaland East	Marondera	me Marondera Provincial Hospital
Mashonaland East	Marondera	Marondera Rural Clinic
Mashonaland East	Marondera	Masikana Clinic
Mashonaland East	Marondera	Mudzimuirema Rural Health Centre
Mashonaland East	Marondera	Nyameni Clinic
Mashonaland East	Marondera	Nyembanzvere Clinic
Mashonaland East	Marondera	Ridigita Clinic
Mashonaland East	Marondera	Wenimbe Rural Health Centre
Mashonaland East	Murewa	me Chidiya Clinic
Mashonaland East	Murewa	me Chitate Rural Health Centre
Mashonaland East	Murewa	me Chitowa 1 Clinic
Mashonaland East	Murewa	me Chitowa 2 Clinic
Mashonaland East	Murewa	me Craiglea Clinic
Mashonaland East	Murewa	Dandara Clinic
Mashonaland East	Murewa	me Dombwe Rural Health Centre
Mashonaland East	Murewa	Goso Clinic
Mashonaland East	Murewa	me Jekwa Rural Health Centre
Mashonaland East	Murewa	me Kadenge Rural Health Centre
Mashonaland East	Murewa	Kadzere Clinic
Mashonaland East	Murewa	Kambarami Clinic
Mashonaland East	Murewa	me Macheke Clinic
Mashonaland East	Murewa	me Madamombe Rural Health Centre
Mashonaland East	Murewa	Matututu Rural Health Centre
Mashonaland East	Murewa	me Muchinjike Rural Health Centre
Mashonaland East	Murewa	me Munamba Rural Health Centre
Mashonaland East	Murewa	Murewa Poly Clinic
Mashonaland East	Murewa	Ngwerume Clinic
Mashonaland East	Murewa	me Nhowe Mission Hospital
Mashonaland East	Murewa	Nyamutumbu Clinic
Mashonaland East	Murewa	Shambamuto Clinic
Mashonaland East	Murewa	me St Clares Clinic
Mashonaland East	Murewa	me St Paul's Musami Mission Hospital
Mashonaland East	Murewa	Virginia Clinic Clinic
Mashonaland East	Murewa	me Waterloo Clinic
Mashonaland East	Murewa	Welcome Home Liden Clinic
Mashonaland East	Murewa	Wuyuwuyu Clinic
Mashonaland West	Chegutu	Beersheba Clinic
Mashonaland West	Chegutu	Bevking Clinic
Mashonaland West	Chegutu	mw Brunswick Clinic
Mashonaland West	Chegutu	Chegutu District Hospital
Mashonaland West	Chegutu	Chegutu Rural District Clinic
Mashonaland West	Chegutu	Chegutu Urban Council Clinic
Mashonaland West	Chegutu	Chikara Council Clinic
Mashonaland West	Chegutu	mw Chinengundu Clinic
Mashonaland West	Chegutu	Chivero Council Clinic
Mashonaland West	Chegutu	mw Dombwe Clinic
Mashonaland West	Chegutu	mw Fanham Clinic
Mashonaland West	Chegutu	mw Glenluce Clinic
Mashonaland West	Chegutu	mw Gora Rural Health Centre
Mashonaland West	Chegutu	mw Homedale Clinic
Mashonaland West	Chegutu	Katanga utano Municipality
Mashonaland West	Chegutu	Lizmore Clinic
Mashonaland West	Chegutu	mw Mafuti Clinic
Mashonaland West	Chegutu	mw Mbuyanehanda Rural Health Centre
Mashonaland West	Chegutu	Mhondoro North Council Clinic
Mashonaland West	Chegutu	mw Mhondoro Rural Hospital
Mashonaland West	Chegutu	Monera Council Clinic
Mashonaland West	Chegutu	mw Munemo Clinic
Mashonaland West	Chegutu	Mupawose Council Clinic
Mashonaland West	Chegutu	mw Mupfure Clinic
Mashonaland West	Chegutu	Musengezi Clinic
Mashonaland West	Chegutu	mw Musinami Rural Health Centre
Mashonaland West	Chegutu	mw Norton Hospital
Mashonaland West	Chegutu	mw Padre Pio Poly Clinic
Mashonaland West	Chegutu	Pfupajena Council Clinic
Mashonaland West	Chegutu	mw Presbyterian Clinic
Mashonaland West	Chegutu	Rasper Clinic
Mashonaland West	Chegutu	Rwizi Council Clinic
Mashonaland West	Chegutu	Sandringham Mission Clinic
Mashonaland West	Chegutu	Santa Barbra Clinic
Mashonaland West	Chegutu	Selous Council Clinic
Mashonaland West	Chegutu	Shamrock Clinic (Not Yet Open)
Mashonaland West	Chegutu	mw Tasunungurwa Clinic
Mashonaland West	Chegutu	Watyoka Council Clinic
Mashonaland West	Hurungwe	mw Chibara Clinic
Mashonaland West	Hurungwe	mw Chidamoyo Mission Hospital
Mashonaland West	Hurungwe	Chinhere Council Clinic
Mashonaland West	Hurungwe	Chirundu Clinic
Mashonaland West	Hurungwe	Chivende Clinic
Mashonaland West	Hurungwe	Chundu Council Clinic
Mashonaland West	Hurungwe	Dete Council Clinic
Mashonaland West	Hurungwe	Deve Clinic (New
Mashonaland West	Hurungwe	mw Doro Clinic
Mashonaland West	Hurungwe	Hesketh Council Clinic
Mashonaland West	Hurungwe	Hewiyai Council Clinic
Mashonaland West	Hurungwe	mw Hurungwe Rural Hospital
Mashonaland West	Hurungwe	Kapfunde Council Clinic
Mashonaland West	Hurungwe	mw Karoi Static Clinic
Mashonaland West	Hurungwe	Karuru Council Clinic
Mashonaland West	Hurungwe	Kasimube Rural Health Centre
Mashonaland West	Hurungwe	Kazangarare Gvt Council
Mashonaland West	Hurungwe	Lan Lorry Clinic
Mashonaland West	Hurungwe	Lynx Clinic Private Clinic
Mashonaland West	Hurungwe	Makuti Clinic
Mashonaland West	Hurungwe	Masanga Gvt Clinic
Mashonaland West	Hurungwe	Mashongwe Council Clinic
Mashonaland West	Hurungwe	Murambi Clinic
Mashonaland West	Hurungwe	Mwami Hospital
Mashonaland West	Hurungwe	Nyama Council
Mashonaland West	Hurungwe	Nyamakaze Clinic
Mashonaland West	Hurungwe	Nyamhunga Council Clinic
Mashonaland West	Hurungwe	Nyangoma Council Clinic
Mashonaland West	Hurungwe	mw Tengwe Clinic
Mashonaland West	Hurungwe	mw Zebra Downs Clinic
Mashonaland West	Hurungwe	Zvipani Clinic
Mashonaland West	Kadoma Sanyati	Black Movale Clinic
Mashonaland West	Kadoma Sanyati	Bumbe Rural Health Centre
Mashonaland West	Kadoma Sanyati	Bururu Council Clinic
Mashonaland West	Kadoma Sanyati	mw Chakari Mine Clinic
Mashonaland West	Kadoma Sanyati	mw Chegutu 6 Clinic
Mashonaland West	Kadoma Sanyati	Chemukute Clinic
Mashonaland West	Kadoma Sanyati	Chingondo Clinic
Mashonaland West	Kadoma Sanyati	Chirikiti Council Clinic
Mashonaland West	Kadoma Sanyati	Donain Rural Health Centre
Mashonaland West	Kadoma Sanyati	Dondoshava Clinic
Mashonaland West	Kadoma Sanyati	Gavhunga Clinic
Mashonaland West	Kadoma Sanyati	Golden Valley Private Mine Clinic
Mashonaland West	Kadoma Sanyati	mw Jompani Rural Health Centre
Mashonaland West	Kadoma Sanyati	Kadoma District Hosp
Mashonaland West	Kadoma Sanyati	Mafindifindi Council Clinic
Mashonaland West	Kadoma Sanyati	Manyewe Council Clinic
Mashonaland West	Kadoma Sanyati	Manyoni Council Clinic
Mashonaland West	Kadoma Sanyati	Mukarati Council Clinic
Mashonaland West	Kadoma Sanyati	Murambwa Council clinic
Mashonaland West	Kadoma Sanyati	Muuyu Council Clinic
Mashonaland West	Kadoma Sanyati	Muzvezve Gvt Clinic
Mashonaland West	Kadoma Sanyati	mw New Geja Rural Health Centre
Mashonaland West	Kadoma Sanyati	Ngezi Rural Hosp
Mashonaland West	Kadoma Sanyati	Ngezi Trauma Centre
Mashonaland West	Kadoma Sanyati	mw Nyabango Rural Health Centre
Mashonaland West	Kadoma Sanyati	mw Nyamatani Rural Health Centre
Mashonaland West	Kadoma Sanyati	mw Nyaonde Rural Health Centre
Mashonaland West	Kadoma Sanyati	Ordoff Council Clinic
Mashonaland West	Kadoma Sanyati	Patchway Mine Clinic
Mashonaland West	Kadoma Sanyati	Rimuka Clinic
Mashonaland West	Kadoma Sanyati	Sanyati Area Council Clinic
Mashonaland West	Kadoma Sanyati	mw Sanyati Mission Hospital
Mashonaland West	Kadoma Sanyati	St. Michaels Mission Hospital
Mashonaland West	Kadoma Sanyati	Turf Council Clinic
Mashonaland West	Kadoma Sanyati	Twin Tops Clinic
Mashonaland West	Kadoma Sanyati	mw Vere Rural Health Centre
Mashonaland West	Kadoma Sanyati	Waverly Clinic
Mashonaland West	Kadoma Sanyati	Zimplats Ngezi Private Clinic
Mashonaland West	Makonde	Alaska Clinic
Mashonaland West	Makonde	Chikonohono Clinic
Mashonaland West	Makonde	Chinhoyi  Provincial Hospital
Mashonaland West	Makonde	Chinhoyi Clinic Clinic
Mashonaland West	Makonde	Doma Clinic
Mashonaland West	Makonde	Gamanya Clinic
Mashonaland West	Makonde	Godzi Clinic
Mashonaland West	Makonde	Green Valley Clinic
Mashonaland West	Makonde	Gudubu Clinic
Mashonaland West	Makonde	Hombwe Clinic
Mashonaland West	Makonde	Kamonde Clinic
Mashonaland West	Makonde	Kanyanga Clinic
Mashonaland West	Makonde	Kenzamba Clinic
Mashonaland West	Makonde	Kosana Clinic
Mashonaland West	Makonde	Long Valley Clinic
Mashonaland West	Makonde	Makonde Christian Mission Hospital
Mashonaland West	Makonde	Manyamba Clinic
Mashonaland West	Makonde	Matorangera Clinic
Mashonaland West	Makonde	Mukohwe Clinic
Mashonaland West	Makonde	Murereka Clinic
Mashonaland West	Makonde	Nyamugomba Clinic
Mashonaland West	Makonde	Obva Clinic
Mashonaland West	Makonde	Portlet Clinic
Mashonaland West	Makonde	River Ranch Clinic
Mashonaland West	Makonde	Runene  Council Clinic
Mashonaland West	Makonde	Sadoma Clinic
Mashonaland West	Makonde	Shackleton Clinic
Mashonaland West	Makonde	mw St Rupert's Mission Hospital
Mashonaland West	Makonde	Umboe Clinic
Mashonaland West	Makonde	Zumbara Clinic
Mashonaland West	Zvimba	ARDA Sisi Clinic
Mashonaland West	Zvimba	Ayrshire Council Clinic
Mashonaland West	Zvimba	Banket District Hospital
Mashonaland West	Zvimba	Bevking  Private Clinic
Mashonaland West	Zvimba	Chirau Council Clinic
Mashonaland West	Zvimba	Chivhere Clinic
Mashonaland West	Zvimba	mw Darwendale Rural Hospital
Mashonaland West	Zvimba	Dzivarasekwa Extension Clinic
Mashonaland West	Zvimba	mw Father O'Hea Mission Hospital
Mashonaland West	Zvimba	Gwebi Clinic
Mashonaland West	Zvimba	Jari Council Clinic
Mashonaland West	Zvimba	Kemurara Rural Health Centre
Mashonaland West	Zvimba	Kutama Council Clinic
Mashonaland West	Zvimba	Kuwadzana Council Clinic
Mashonaland West	Zvimba	Lospen Clinic
Mashonaland West	Zvimba	Madzorera Clinic
Mashonaland West	Zvimba	Mapinga  Clinic
Mashonaland West	Zvimba	Masiyarwa Council Clinic
Mashonaland West	Zvimba	Mpumbu  Council Clinic
Mashonaland West	Zvimba	Mt. Hampden Clinic
Mashonaland West	Zvimba	mw Muriel Mine Clinic
Mashonaland West	Zvimba	Mutorashanga Council Clinic
Mashonaland West	Zvimba	Nyabika Council Clinic
Mashonaland West	Zvimba	mw Raffingora Rural Hospital
Mashonaland West	Zvimba	Sutton Mine Clinic
Mashonaland West	Zvimba	TRBC Council Clinic
Mashonaland West	Zvimba	Trelawney Council Clinic
Mashonaland West	Zvimba	Vanad Mine Clinic
Mashonaland West	Zvimba	Zowa Council Clinic
Mashonaland West	Zvimba	mw Zvimba Rural Hospital
Masvingo	Chiredzi	mv Chambuta Clinic
Masvingo	Chiredzi	Chikombedzi Hospital
Masvingo	Chiredzi	Chikwirire Clinic
Masvingo	Chiredzi	Chilonga Clinic
Masvingo	Chiredzi	Chimbwedziva Clinic
Masvingo	Chiredzi	mv Chingele Clinic
Masvingo	Chiredzi	Chingwizi Clinic
Masvingo	Chiredzi	mv Chipiwa Clinic
Masvingo	Chiredzi	mv Chiredzi Hospital
Masvingo	Chiredzi	mv Chitsa Clinic
Masvingo	Chiredzi	Chizvirizvi Clinic
Masvingo	Chiredzi	Chomopani Clinic
Masvingo	Chiredzi	Crown Range Clinic
Masvingo	Chiredzi	mv Damarakanaka Clinic
Masvingo	Chiredzi	Davata Clinic
Masvingo	Chiredzi	mv Dumisa Clinic
Masvingo	Chiredzi	mv Faversham Clinic
Masvingo	Chiredzi	Gezani Clinic
Masvingo	Chiredzi	Gozonya Clinic
Masvingo	Chiredzi	Gudo Clinic
Masvingo	Chiredzi	mv Gwaseche Clinic
Masvingo	Chiredzi	Hippo Valley Clinic
Masvingo	Chiredzi	mv Makambe Clinic
Masvingo	Chiredzi	mv Malipati Rural Health Centre
Masvingo	Chiredzi	Masivamele Clinic
Masvingo	Chiredzi	Matedzi Clinic
Masvingo	Chiredzi	mv Mkwasine Clinic
Masvingo	Chiredzi	Muhlanguleni Clinic
Masvingo	Chiredzi	Muteyo Clinic
Masvingo	Chiredzi	mv Neromwe Clinic
Masvingo	Chiredzi	Nyangambe Clinic
Masvingo	Chiredzi	mv Old Boli Rural Health Centre
Masvingo	Chiredzi	mv Pahlela Clinic
Masvingo	Chiredzi	mv Porepore Clinic
Masvingo	Chiredzi	Rapanguwana Clinic
Masvingo	Chiredzi	mv Rusununguko Clinic
Masvingo	Chiredzi	mv Rutandare Clinic
Masvingo	Chiredzi	Samu Clinic
Masvingo	Chiredzi	mv St Joseph Clinic
Masvingo	Chiredzi	Triangle Hospital
Masvingo	Chiredzi	Tsovani Clinic
Masvingo	Chiredzi	mv Turkey heart RHC
Masvingo	Chiredzi	ZPCS Clinic
Masvingo	Chivi	Berejena Mission Clinic
Masvingo	Chivi	mv Bwanya Clinic
Masvingo	Chivi	mv Chasiyatende Clinic
Masvingo	Chivi	mv Chidyamakono Clinic
Masvingo	Chivi	mv Chifedza Clinic
Masvingo	Chivi	mv Chigwikwi Rural Health Centre
Masvingo	Chivi	Chirongwe Clinic
Masvingo	Chivi	mv Chivi Mission Clinic
Masvingo	Chivi	mv Chivi Rural Hospital
Masvingo	Chivi	mv Davira Clinic
Masvingo	Chivi	mv Gororo Clinic
Masvingo	Chivi	Madamombe Rural Health Centre
Masvingo	Chivi	mv Madzivadondo Clinic
Masvingo	Chivi	mv Masinire Clinic
Masvingo	Chivi	Mhandamabwe Rural Health Centre
Masvingo	Chivi	mv Ngundu Rural Health Centre
Masvingo	Chivi	Nyahombe Clinic
Masvingo	Chivi	mv Razi Rural Health Centre
Masvingo	Chivi	Shindi Clinic
Masvingo	Chivi	mv Takavarasha Rural Health Centre
Masvingo	Chivi	Utete Clinic
Masvingo	Chivi	Varanda Rural Health Centre
Masvingo	Chivi	Ziviku Clinic
Masvingo	Gutu	mv Chepiri Clinic
Masvingo	Gutu	mv Cheshuro Clinic
Masvingo	Gutu	mv Chimombe Rural Hospital
Masvingo	Gutu	Chinyika Rural Health Centre
Masvingo	Gutu	mv Chitando Rural Health Centre
Masvingo	Gutu	Chiwore Clinic
Masvingo	Gutu	mv Dambara Clinic
Masvingo	Gutu	mv Denhere Clinic
Masvingo	Gutu	Devure Mission Clinic
Masvingo	Gutu	mv Gutu Mission Hospital
Masvingo	Gutu	Gutu Rural  Clinic
Masvingo	Gutu	mv Magombedze Chitsa Clinic
Masvingo	Gutu	mv Magombedze Clinic
Masvingo	Gutu	Majarada Rural Health Centre
Masvingo	Gutu	mv Mataruse Clinic
Masvingo	Gutu	Matizha Clinic
Masvingo	Gutu	Mazura Clinic
Masvingo	Gutu	mv Muchekayaora Clinic
Masvingo	Gutu	Mukaro Mission Clinic
Masvingo	Gutu	Munyikwa Rural Health Centre
Masvingo	Gutu	Mushaviri Clinic
Masvingo	Gutu	Mutema Clinic
Masvingo	Gutu	Mutero Mission Clinic
Masvingo	Gutu	Nemashakwe Clinic
Masvingo	Gutu	mv Nyazvidzi Clinic
Masvingo	Gutu	Rufaro Clinic
Masvingo	Gutu	mv Serima Mission Hospital
Masvingo	Gutu	mv Soti Source Rural Health Centre
Masvingo	Gutu	Tirizi Clinic
Masvingo	Gutu	mv Zinhata Clinic
Masvingo	Gutu	Zvavahera Clinic
Masvingo	Masvingo	Alvod Clinic
Masvingo	Masvingo	mv Bere Clinic
Masvingo	Masvingo	Bondolfi Rural Hospital
Masvingo	Masvingo	mv Charumbira Clinic
Masvingo	Masvingo	mv Chatikobo Clinic
Masvingo	Masvingo	Gaths Mine Hospital
Masvingo	Masvingo	Gokomere Clinic
Masvingo	Masvingo	mv Gundura Clinic
Masvingo	Masvingo	Gurajena Hospital
Masvingo	Masvingo	Guwa Clinic
Masvingo	Masvingo	Hwendedzo Clinic
Masvingo	Masvingo	mv Mapanzure Clinic
Masvingo	Masvingo	Masvingo General Hospital
Masvingo	Masvingo	Masvingo New Start Centre
Masvingo	Masvingo	Mogenester Mission Hospital
Masvingo	Masvingo	Mucheke Clinic
Masvingo	Masvingo	Mukosi Clinic
Masvingo	Masvingo	mv Murinye Clinic
Masvingo	Masvingo	Mushandike Clinic
Masvingo	Masvingo	Musvovi Clinic
Masvingo	Masvingo	Nemwanwa Clinic
Masvingo	Masvingo	mv Ngomahuru Rural Health Centre
Masvingo	Masvingo	mv Nyajena Rural Hospital
Masvingo	Masvingo	mv Nyamande Clinic
Masvingo	Masvingo	mv Nyikavanhu Rural Health Centre
Masvingo	Masvingo	mv Renco Mine Clinic
Masvingo	Masvingo	mv Rujeko Clinic
Masvingo	Masvingo	mv Rukovo Clinic
Masvingo	Masvingo	mv Runyararo Clinic
Masvingo	Masvingo	mv Shonganiso Clinic
Masvingo	Masvingo	mv Shumba Clinic
Masvingo	Masvingo	Summerton Clinic
Masvingo	Masvingo	mv Zano Clinic
Masvingo	Masvingo	mv Zimuto BC Clinic
Masvingo	Masvingo	Zimuto Mission Hospital
Masvingo	Masvingo	Zvamahande Rural Health Centre
Masvingo	Mwenezi	Boterere Rural Health Centre
Masvingo	Mwenezi	Chimbudzi Clinic
Masvingo	Mwenezi	Chingwizi Satelite Clinic
Masvingo	Mwenezi	Chirindi Clinic
Masvingo	Mwenezi	Chizumba Clinic
Masvingo	Mwenezi	G&N Clinic Clinic
Masvingo	Mwenezi	mv Lundi Clinic
Masvingo	Mwenezi	Maranda Mission Hospital
Masvingo	Mwenezi	mv Maranda Sub Rural Health Centre
Masvingo	Mwenezi	Marinda Rural Health Centre
Masvingo	Mwenezi	mv Matibi Mission Hospital
Masvingo	Mwenezi	mv Mazetese Clinic
Masvingo	Mwenezi	Mulelesi Clinic
Masvingo	Mwenezi	Munyanyi Clinic
Masvingo	Mwenezi	mv Murove Clinic
Masvingo	Mwenezi	mv Mushava Clinic
Masvingo	Mwenezi	mv Mwenezana Clinic
Masvingo	Mwenezi	mv Mwenezi Clinic
Masvingo	Mwenezi	Nehanda Clinic
Masvingo	Mwenezi	mv Rutenga Clinic
Masvingo	Mwenezi	Rutenga Railways Clinic
Masvingo	Zaka	mv Bota Clinic
Masvingo	Zaka	mv Bvukururu Clinic
Masvingo	Zaka	mv Chinyabako Clinic
Masvingo	Zaka	mv Chipinda Rural Health Centre
Masvingo	Zaka	mv Chiredzana Clinic
Masvingo	Zaka	Fuve Clinic
Masvingo	Zaka	mv Harava Rural Health Centre
Masvingo	Zaka	Jerera Satelite Clinic
Masvingo	Zaka	mv Jichidza Council Clinic
Masvingo	Zaka	mv Jichidza Mission Clinic
Masvingo	Zaka	mv Machiva Clinic
Masvingo	Zaka	Mageza Rural Health Centre
Masvingo	Zaka	mv Mandhloro Clinic
Masvingo	Zaka	mv Murerekwa Clinic
Masvingo	Zaka	mv Mushaya Clinic
Masvingo	Zaka	mv Musiso Mission Hospital
Masvingo	Zaka	mv Ndanga Clinic
Masvingo	Zaka	mv Ndanga Hospital
Masvingo	Zaka	Nemauku Clinic
Masvingo	Zaka	mv Nhema Clinic
Masvingo	Zaka	mv Njiva Clinic
Masvingo	Zaka	mv Nyakunhuwa Clinic
Masvingo	Zaka	Rucors Clinic
Masvingo	Zaka	mv Siyawareva Clinic
Masvingo	Zaka	Svuvure Rural Health Hospital
Masvingo	Zaka	mv Veza Clinic
Masvingo	Zaka	Zibwowa Private Clinic
Matabeleland North	Binga	Chinego RHC
Matabeleland North	Binga	Chunga
Matabeleland North	Binga	Kariyangwe
Matabeleland North	Binga	Lubimbi
Matabeleland North	Binga	Lusulu
Matabeleland North	Binga	Mucheso
Matabeleland North	Binga	Ngumija
Matabeleland North	Binga	Pashu
Matabeleland North	Binga	Siabuwa
Matabeleland North	Binga	Siadindi
Matabeleland North	Binga	Siansundu
Matabeleland North	Binga	Simatelele
Matabeleland North	Binga	Sinakoma
Matabeleland North	Binga	Sinansengwe
Matabeleland North	Binga	Tinde
Matabeleland North	Bubi	Balanda Rural Health Centre
Matabeleland North	Bubi	Kenilworth Rural Health Centre
Matabeleland North	Bubi	mn Lukala Rural Health Centre
Matabeleland North	Bubi	Madambe Clinic
Matabeleland North	Bubi	mn Majiji Clinic
Matabeleland North	Bubi	Mbembeswane
Matabeleland North	Bubi	Mdutshane Clinic
Matabeleland North	Bubi	mn Raafs Rural Health Centre
Matabeleland North	Bubi	Sicanda Rural Health Centre
Matabeleland North	Bubi	mn Turk Mine Clinic
Matabeleland North	Hwange	5 Miles
Matabeleland North	Hwange	BAPZ
Matabeleland North	Hwange	Breakfast
Matabeleland North	Hwange	Chibondo
Matabeleland North	Hwange	Chikandakubi
Matabeleland North	Hwange	Chinotimba
Matabeleland North	Hwange	Chisuma
Matabeleland North	Hwange	Colliery
Matabeleland North	Hwange	Dete
Matabeleland North	Hwange	Dinde
Matabeleland North	Hwange	Elephant Hills
Matabeleland North	Hwange	Empumalanga
Matabeleland North	Hwange	Ingagula
Matabeleland North	Hwange	Jabula
Matabeleland North	Hwange	Jambezi
Matabeleland North	Hwange	Kamativi
Matabeleland North	Hwange	Kanywambizi
Matabeleland North	Hwange	Lubangwe
Matabeleland North	Hwange	Lukosi
Matabeleland North	Hwange	Lukunguni
Matabeleland North	Hwange	Lupote
Matabeleland North	Hwange	Mabale
Matabeleland North	Hwange	Makwandara
Matabeleland North	Hwange	Matetsi
Matabeleland North	Hwange	Milonga
Matabeleland North	Hwange	Mwemba
Matabeleland North	Hwange	Ndimakule
Matabeleland North	Hwange	Ndlovu
Matabeleland North	Hwange	mn No 1 Clinic
Matabeleland North	Hwange	mn NO 2 CLINIC
Matabeleland North	Hwange	NRZ Clinic
Matabeleland North	Hwange	Premier clinic
Matabeleland North	Hwange	PSMI Hwange
Matabeleland North	Hwange	Sidinda
Matabeleland North	Hwange	Simangani
Matabeleland North	Hwange	Songwe
Matabeleland North	Hwange	St Patricks
Matabeleland North	Hwange	THB
Matabeleland North	Hwange	V.F Hotel Clinic
Matabeleland North	Hwange	V.F Prison clinic
Matabeleland North	Hwange	Victoria Falls Hospital
Matabeleland North	Hwange	Wilderness
Matabeleland North	Hwange	Woodlands
Matabeleland North	Lupane	Dandanda Clinic
Matabeleland North	Lupane	Dongamuzi Clinic
Matabeleland North	Lupane	mn Fatima Mission Clinic
Matabeleland North	Lupane	mn Gomoza Rural Health Centre
Matabeleland North	Lupane	Gwaai RHC
Matabeleland North	Lupane	mn Jotsholo Clinic
Matabeleland North	Lupane	Kanyandavu Clinic
Matabeleland North	Lupane	mn Lake-Alice Clinic
Matabeleland North	Lupane	mn Lupaka Clinic
Matabeleland North	Lupane	mn Lupane Rural Health Centre
Matabeleland North	Lupane	Mdlankunzi Clinic
Matabeleland North	Lupane	mn St Luke's Mission Hospital
Matabeleland North	Lupane	mn St Paul's Mission Hospital
Matabeleland North	Nkayi	mn Dakamela Rural Hospital
Matabeleland North	Nkayi	Fanison Rural Health Centre
Matabeleland North	Nkayi	Guwe Rural Health Centre
Matabeleland North	Nkayi	Gwelutshena Rural Health Centre
Matabeleland North	Nkayi	Lutsha RHC
Matabeleland North	Nkayi	mn Mateme Rural Health Centre
Matabeleland North	Nkayi	mn Mbuma Mission Hospital
Matabeleland North	Nkayi	Nesigwe Rural Health Centre
Matabeleland North	Nkayi	Ngwaladi Rural Hospital
Matabeleland North	Nkayi	Satelite clinic
Matabeleland North	Nkayi	Sebumane Clinic
Matabeleland North	Nkayi	Sesemba Rural Health Centre
Matabeleland North	Nkayi	mn Sikhobokhobo Clinic
Matabeleland North	Nkayi	Simbo Clinic
Matabeleland North	Nkayi	mn Sivalo Rural Health Centre
Matabeleland North	Nkayi	Vova RHC
Matabeleland North	Nkayi	mn Zenka Rural Health Centre
Matabeleland North	Nkayi	Zinyangeni Rural Health Centre
Matabeleland North	Nkayi	ZPS Clinic
Matabeleland North	Tsholotsho	Bemba Council Clinic
Matabeleland North	Tsholotsho	Bubude RHC
Matabeleland North	Tsholotsho	Dlamini Council Clinic
Matabeleland North	Tsholotsho	Inala Clinic
Matabeleland North	Tsholotsho	mn Jimila Clinic
Matabeleland North	Tsholotsho	mn Jowa Clinic
Matabeleland North	Tsholotsho	Kapane RHC
Matabeleland North	Tsholotsho	mn Madlangombe Clinic
Matabeleland North	Tsholotsho	Makaza Rural Health Centre
Matabeleland North	Tsholotsho	mn Mlagisa Rural Health Centre
Matabeleland North	Tsholotsho	mn Mpanedziba Clinic
Matabeleland North	Tsholotsho	Mpilo Clinic
Matabeleland North	Tsholotsho	Mtshayeli Clinic
Matabeleland North	Tsholotsho	Nkunzi Rural Health Centre
Matabeleland North	Tsholotsho	mn Ngamo Clinic
Matabeleland North	Tsholotsho	Pumula Mission Hospital
Matabeleland North	Tsholotsho	Samahuru Mission clinic
Matabeleland North	Tsholotsho	Shaba Council Clinic
Matabeleland North	Tsholotsho	mn Sikente Clinic
Matabeleland North	Tsholotsho	Sipepa Rural Hospital
Matabeleland North	Tsholotsho	mn Sodaka Rural Health Centre
Matabeleland North	Tsholotsho	Tshefunye
Matabeleland North	Tsholotsho	mn Tshitatshawa Clinic
Matabeleland North	Tsholotsho	mn Tsholotsho Urban Clinic
Matabeleland North	Tsholotsho	ZPCS Clinic
Matabeleland North	Umguza	Anju
Matabeleland North	Umguza	Fairbridge ZRP Camp clinic
Matabeleland North	Umguza	mn Fingo Clinic
Matabeleland North	Umguza	mn Igusi Rural Health Centre
Matabeleland North	Umguza	Imbizo Barracks ZNA Hospital
Matabeleland North	Umguza	mn Lozikeyi Clinic
Matabeleland North	Umguza	mn Mbembesi Rural health Centre
Matabeleland North	Umguza	mn Ntabazinduna Clinic
Matabeleland North	Umguza	mn Redwood Clinic
Matabeleland North	Umguza	Ross camp
Matabeleland North	Umguza	Siganda   Clinic
Matabeleland North	Umguza	mn St James Mission Clinic
Matabeleland North	Umguza	mn TG Silundika Clinic
Matabeleland North	Umguza	Umguza RDC Clinic
Matabeleland North	Umguza	mn Umuntu Clinic
Matabeleland South	Beitbridge	Chamunangana Clinic
Matabeleland South	Beitbridge	Chasvingo Clinic
Matabeleland South	Beitbridge	Chikwarakwara Rural Health Centre
Matabeleland South	Beitbridge	Chituripasi Rural Health Centre
Matabeleland South	Beitbridge	ms Dite Rural Health Centre
Matabeleland South	Beitbridge	ms Dulibadzimu Clinic
Matabeleland South	Beitbridge	Dumba Clinic
Matabeleland South	Beitbridge	ms Majini Rural Health Centre
Matabeleland South	Beitbridge	Makakabule Rural Health Centre
Matabeleland South	Beitbridge	ms Makombe Clinic
Matabeleland South	Beitbridge	Malabe Clinic
Matabeleland South	Beitbridge	ms Masera Clinic
Matabeleland South	Beitbridge	ms Mazunga Clinic
Matabeleland South	Beitbridge	ms Mtetengwe Clinic
Matabeleland South	Beitbridge	ms Nottingham Rural Health Centre
Matabeleland South	Beitbridge	Satelite Clinic
Matabeleland South	Beitbridge	ms Shabwe Rural Health Centre
Matabeleland South	Beitbridge	ms Shashe Clinic
Matabeleland South	Beitbridge	ms Swereki Clinic
Matabeleland South	Beitbridge	ms Tongwe Clinic
Matabeleland South	Beitbridge	ms Tshabili clinic
Matabeleland South	Beitbridge	Wellness Clinic
Matabeleland South	Beitbridge	Zezane Clinic
Matabeleland South	Beitbridge	ZPCS Clinic
Matabeleland South	Beitbridge	ZRP Clinic
Matabeleland South	Bulilima	ms Bezu Clinic
Matabeleland South	Bulilima	ms Dombodema Clinic
Matabeleland South	Bulilima	Gambo Clinic
Matabeleland South	Bulilima	Hingwe Clinic
Matabeleland South	Bulilima	ms Huwana Clinic
Matabeleland South	Bulilima	Lady Barring Mission Hospital
Matabeleland South	Bulilima	Lady Stanley Mission Hospital
Matabeleland South	Bulilima	Madlambuzi Clinic
Matabeleland South	Bulilima	Makhuleka Clinic
Matabeleland South	Bulilima	ms Malalume Clinic
Matabeleland South	Bulilima	ms Masendu Clinic
Matabeleland South	Bulilima	ms Matjinge Rural Health Centre
Matabeleland South	Bulilima	ms Mbimba Clinic
Matabeleland South	Bulilima	ms Ndiweni Clinic
Matabeleland South	Bulilima	ms Nswazwi Rural Health Centre
Matabeleland South	Bulilima	Nyabane Clinic
Matabeleland South	Bulilima	Sikhatini Clinic
Matabeleland South	Bulilima	Solusi Clinic
Matabeleland South	Bulilima	Tematema Clinic
Matabeleland South	Bulilima	ms Tokwana Clinic
Matabeleland South	Bulilima	ms Village 13 Rural Health Centre
Matabeleland South	Gwanda	ms Buvuma Clinic
Matabeleland South	Gwanda	ms Garanyemba Clinic
Matabeleland South	Gwanda	Gungwe Rural Health Centre
Matabeleland South	Gwanda	ms Gwanda Provincial Hospital
Matabeleland South	Gwanda	ms Kafusi Clinic
Matabeleland South	Gwanda	ms Lushongwe Clinic
Matabeleland South	Gwanda	Makwe Rural Health Centre
Matabeleland South	Gwanda	ms Manama Mission Hospital
Matabeleland South	Gwanda	Mapate Cliniclinic
Matabeleland South	Gwanda	ms Mashaba Clinic
Matabeleland South	Gwanda	ms Mtshabezi Mission Hospital
Matabeleland South	Gwanda	ms Mzimuni Clinic
Matabeleland South	Gwanda	Nhwali Rural Health Centre
Matabeleland South	Gwanda	ms Ntalale Clinic
Matabeleland South	Gwanda	Pakama Clinic
Matabeleland South	Gwanda	Selonga Rural Health Centre
Matabeleland South	Gwanda	Sengwezani Rural Health Centre
Matabeleland South	Gwanda	Silkwe Rural Health centre
Matabeleland South	Gwanda	Simbumbumbu Rural Health Centre
Matabeleland South	Gwanda	ms Sitezi Clinic
Matabeleland South	Gwanda	Stanmore Clinic
Matabeleland South	Gwanda	West Nicolson Clinic
Matabeleland South	Insiza	ms Amazon Clinic
Matabeleland South	Insiza	ms Avoca Rural Hospital
Matabeleland South	Insiza	Gwanda State University Clinic (GSU)
Matabeleland South	Insiza	ms Gwatemba Rural Health Centre
Matabeleland South	Insiza	Insiza PBS  Clinic
Matabeleland South	Insiza	Kombo Clinic
Matabeleland South	Insiza	ms Mabuze Rural Health Centre
Matabeleland South	Insiza	ms Mbondo Clinic
Matabeleland South	Insiza	ms Montrose Clinic
Matabeleland South	Insiza	ms Nkankezi Rural Health Centre
Matabeleland South	Insiza	ms Nyamime Rural Health Centre
Matabeleland South	Insiza	ms Sanale Rural Health Centre
Matabeleland South	Insiza	Saphila Council Clinic(Construction)
Matabeleland South	Insiza	Shangani Mine Clinic
Matabeleland South	Insiza	ms Shangani Rural Hospital
Matabeleland South	Insiza	ms Singwambizi Clinic
Matabeleland South	Insiza	ms Singwango Clinic
Matabeleland South	Insiza	Wanezi Rural Hospital
Matabeleland South	Insiza	ms Zhulube Clinic
Matabeleland South	Mangwe	Bango Clinic
Matabeleland South	Mangwe	ms Dingumuzi Clinic
Matabeleland South	Mangwe	Embakwe Mission Hospital
Matabeleland South	Mangwe	Empandeni Clinic
Matabeleland South	Mangwe	Ingwizi Clinic
Matabeleland South	Mangwe	ms Madabe Clinic
Matabeleland South	Mangwe	ms Mambale Clinic
Matabeleland South	Mangwe	ms Maninji Clinic
Matabeleland South	Mangwe	ms Marula Clinic
Matabeleland South	Mangwe	ms Mayobodo Rural Health Centre
Matabeleland South	Mangwe	ms Sanzukwi Clinic
Matabeleland South	Mangwe	St. Annes Brunapeg Mission Hospital
Matabeleland South	Mangwe	ms Tshitshi Clinic
Matabeleland South	Matobo	Bazha Clinic
Matabeleland South	Matobo	Beula Rural Health Centre
Matabeleland South	Matobo	ms Cyrene Mission Clinic
Matabeleland South	Matobo	Ekukanyeni Clinic
Matabeleland South	Matobo	ms Fumugwe Clinic
Matabeleland South	Matobo	Gulati Rural Health Centre
Matabeleland South	Matobo	ms Homestead Rural Health Centre
Matabeleland South	Matobo	ms Kezi Rural Hospital
Matabeleland South	Matobo	Masiye Camp Clinic
Matabeleland South	Matobo	Matobo Mission Clinic
Matabeleland South	Matobo	Matobo Rural Rural Hospital
Matabeleland South	Matobo	Mbembeswane Rural Health Centre
Matabeleland South	Matobo	ms Mlugulu Clinic
Matabeleland South	Matobo	ms Natisa Rural Health Centre
Matabeleland South	Matobo	ms Ndabankulu Clinic
Matabeleland South	Matobo	Sankonjana Rural Health Centre
Matabeleland South	Matobo	Silozwe Clinic
Matabeleland South	Matobo	St. Joseph's Rural Hospital
Matabeleland South	Matobo	ms Tshelanyemba Mission Hospital
Matabeleland South	Umzingwane	ms Dula Clinic
Matabeleland South	Umzingwane	Empsini  Clinic
Matabeleland South	Umzingwane	Esibobvu Clinic
Matabeleland South	Umzingwane	Habani Clinic
Matabeleland South	Umzingwane	How Mine Mine Clinic
Matabeleland South	Umzingwane	Irisvale Rural Health Centre
Matabeleland South	Umzingwane	Kumbuzi Rural Health Centre
Matabeleland South	Umzingwane	ms Mawabeni Clinic
Matabeleland South	Umzingwane	Mbalabala Clinic
Matabeleland South	Umzingwane	Mbizingwe Rural Health Centre
Matabeleland South	Umzingwane	ms Mhlahlandlela Clinic
Matabeleland South	Umzingwane	Mpisini Clinic
Matabeleland South	Umzingwane	ms Nhlangano Clinic
Matabeleland South	Umzingwane	ms Nswazi Clinic
Matabeleland South	Umzingwane	ms Ntshamathe Clinic
Matabeleland South	Umzingwane	ms Shale Clinic
Matabeleland South	Umzingwane	Umzingwane Clinic
Matabeleland South	Umzingwane	ms Zimbili clinic
Midlands	Gokwe North	mi Zhomba Clinic
Midlands	Gokwe South	mi Chemahororo Clinic
Midlands	Gokwe South	mi Cheziya Clinic
Midlands	Gokwe South	mi Chitave Clinic
Midlands	Gokwe South	mi Gawa Clinic
Midlands	Gokwe South	Gokwe District Hospital
Midlands	Gokwe South	mi Gwanyika Rural Health Centre
Midlands	Gokwe South	mi Huchu Clinic
Midlands	Gokwe South	mi Jahana Clinic
Midlands	Gokwe South	Jiri Clinic
Midlands	Gokwe South	mi Kana Mission Hospital
Midlands	Gokwe South	mi Krima Clinic
Midlands	Gokwe South	mi Mangidi Clinic
Midlands	Gokwe South	mi Manoti Clinic
Midlands	Gokwe South	mi Manyoni Clinic
Midlands	Gokwe South	mi Masuka Clinic
Midlands	Gokwe South	Mateme Clinic
Midlands	Gokwe South	mi Mateta Rural Health Centre
Midlands	Gokwe South	Mkoka Rural Health Centre
Midlands	Gokwe South	mi Msala Clinic
Midlands	Gokwe South	mi Musita Clinic
Midlands	Gokwe South	Mutange Clinic
Midlands	Gokwe South	Ndabambi Clinic
Midlands	Gokwe South	Ndhlalambi Clinic
Midlands	Gokwe South	mi Njelele clinic
Midlands	Gokwe South	mi Nyaje Rural Health Centre
Midlands	Gokwe South	Nyamunga Clinic
Midlands	Gokwe South	mi Sai Clinic
Midlands	Gokwe South	Sesame Clinic
Midlands	Gokwe South	Svisvi Rural Health Centre
Midlands	Gokwe South	mi Tongwe Clinic
Midlands	Gokwe South	mi Zhamba Clinic
Midlands	Gweru	Chikwingwizha Mission Clinic
Midlands	Gweru	mi Child Welfare Clinic
Midlands	Gweru	mi Chinamasa Clinic
Midlands	Gweru	Chiundura Clinic
Midlands	Gweru	Gunde Clinic
Midlands	Gweru	mi Gweru Provincial Hospital
Midlands	Gweru	Gweru New Start Centre/New Life Centre
Midlands	Gweru	Hozheri Clinic
Midlands	Gweru	mi Ivene Clinic
Midlands	Gweru	Kabanga Clinic
Midlands	Gweru	Lower Gweru Mission Clinic
Midlands	Gweru	mi Maboleni Clinic
Midlands	Gweru	Madhikani Clinic
Midlands	Gweru	mi Makepesi Clinic
Midlands	Gweru	Mangwande Clinic
Midlands	Gweru	Masvori Clinic
Midlands	Gweru	Mkoba 1 Clinic
Midlands	Gweru	Mkoba Poly Clinic
Midlands	Gweru	mi Monomutapa Clinic
Midlands	Gweru	mi Ntabamhlope Rural Health Centre
Midlands	Gweru	mi Nyama Clinic
Midlands	Gweru	Ruby Clinic
Midlands	Gweru	Senga Poly Clinic
Midlands	Gweru	Somabula Clinic
Midlands	Gweru	St. Patricks Mission Clinic
Midlands	Gweru	mi Totonga Clinic
Midlands	Gweru	mi Tumbire Clinic
Midlands	Gweru	mi Vungu Clinic
Midlands	Kwekwe	mi Al Davies Clinic
Midlands	Kwekwe	mi Amaveni Clinic
Midlands	Kwekwe	mi Dambridge Clinic
Midlands	Kwekwe	Dendera Rural Hospital
Midlands	Kwekwe	Don Juan Clinic
Midlands	Kwekwe	Donsa Clinic
Midlands	Kwekwe	mi Exchange Clinic
Midlands	Kwekwe	mi Gomola Clinic
Midlands	Kwekwe	Jena Mine Mine Clinic
Midlands	Kwekwe	Kwekwe District Hospital
Midlands	Kwekwe	Malisa  Zhambe   Clinic
Midlands	Kwekwe	Malisa Josefa Clinic
Midlands	Kwekwe	Mayoka Rural Health Centre
Midlands	Kwekwe	mi Mazebe Rural Health Centre
Midlands	Kwekwe	Mbizo 1 Clinic
Midlands	Kwekwe	Mbizo 2 Clinic
Midlands	Kwekwe	Mlezu College Clinic
Midlands	Kwekwe	mi Mpinda Clinic
Midlands	Kwekwe	Msilahove Rural Hospital
Midlands	Kwekwe	mi Munyati Clinic
Midlands	Kwekwe	mi Ntabeni Clinic
Midlands	Kwekwe	mi Nyoni Rural Health Centre
Midlands	Kwekwe	mi Redcliff Clinic
Midlands	Kwekwe	Rio Tinto Mine Clinic
Midlands	Kwekwe	mi Rutendo Clinic
Midlands	Kwekwe	mi Samambwa Clinic
Midlands	Kwekwe	mi Sebakwe Clinic
Midlands	Kwekwe	Senkwasi Clinic
Midlands	Kwekwe	mi Sherwood Clinic
Midlands	Kwekwe	mi Sidakeni Clinic
Midlands	Kwekwe	Sigezububi Clinic
Midlands	Kwekwe	mi Silobela Jackson Clinic
Midlands	Kwekwe	mi Simana Clinic
Midlands	Kwekwe	Torwood Hospital
Midlands	Kwekwe	Zhombe Mission Clinic
Midlands	Mberengwa	Bonda Mission Hospital
Midlands	Mberengwa	Buchwa Clinic
Midlands	Mberengwa	mi Chabwira Clinic
Midlands	Mberengwa	mi Chaza Clinic
Midlands	Mberengwa	Chedembeko Clinic
Midlands	Mberengwa	mi Chiedza Clinic
Midlands	Mberengwa	mi Chingezi Clinic
Midlands	Mberengwa	mi Gaha Clinic
Midlands	Mberengwa	Gwarava Rural Health Centre
Midlands	Mberengwa	mi Imbahuru Clinic
Midlands	Mberengwa	mi Ingezi Clinic
Midlands	Mberengwa	mi Jeka Rural Hospital
Midlands	Mberengwa	Kotokwe Clinic
Midlands	Mberengwa	mi Makuwerere Clinic
Midlands	Mberengwa	mi Masase Mission Hospital
Midlands	Mberengwa	mi Mataga Rural Health Centre
Midlands	Mberengwa	mi Matedzi Clinic
Midlands	Mberengwa	mi Mavorovondo Rural Health Centre
Midlands	Mberengwa	mi Mazivofa Clinic
Midlands	Mberengwa	mi Mnene Mission Hospital
Midlands	Mberengwa	mi Mponjani Clinic
Midlands	Mberengwa	mi Mposi Clinic
Midlands	Mberengwa	Muketi Clinic
Midlands	Mberengwa	mi Murongwe Rural Health Centre
Midlands	Mberengwa	mi Musume Mission Hospital
Midlands	Mberengwa	Mwenezi Rural Health Centre
Midlands	Mberengwa	Negobe Clinic
Midlands	Mberengwa	mi Ngungumbane Clinic
Midlands	Mberengwa	mi Sandawana Clinic
Midlands	Mberengwa	mi Svita Clinic
Midlands	Mberengwa	mi Vurasha Rural Health Centre
Midlands	Mberengwa	mi Vutsanana Clinic
Midlands	Mberengwa	Wanezi Clinic
Bulawayo	Bulawayo	bu Bulawayo Family Health Clinic
Bulawayo	Bulawayo	bu CIMAS
Bulawayo	Bulawayo	bu Emganwini Clinic
Bulawayo	Bulawayo	bu Khami - Ceshhar Clinic
Bulawayo	Bulawayo	bu Khami Road Clinic
Bulawayo	Bulawayo	bu Lister House - Zimbabwe National Family Planning Services (ZNFPS)
Bulawayo	Bulawayo	bu Mahatshula Clinic
Bulawayo	Bulawayo	bu Maternal and Child Health Centre
Bulawayo	Bulawayo	bu Mpilo ZNFPC Clinic
Bulawayo	Bulawayo	bu NRZ
Bulawayo	Bulawayo	bu PSI New Start Clinic
Bulawayo	Bulawayo	bu United Bulawayo Hospital
Bulawayo	Bulawayo	bu ZPS Bulawayo Prison Clinic
Bulawayo	Bulawayo	bu ZRP Rosecamp Clinic
Bulawayo	Bulawayo	bu Cowdray Park Health Centre
Harare	Chitungwiza	ha Chitungwiza Central Hospital
Harare	Chitungwiza	ha Chitungwiza New Start Centre Town Centre
Harare	Chitungwiza	ha Seke North Clinic
Harare	Chitungwiza	ha Seke South Clinic
Harare	Chitungwiza	ha South Medical Hospital
Harare	Chitungwiza	ha St Mary's Clinic
Harare	Chitungwiza	ha Zengeza Clinic
Harare	Epworth	ha Epworth Mission Clinic
Harare	Epworth	ha Epworth Polyclinic
Harare	Epworth	ha Overspill Clinic
Harare	Harare	ha Beatrice Road Hospital
Harare	Harare	ha Belvedere Satellite Clinic
Harare	Harare	ha Budiriro Poly
Harare	Harare	ha Eastley FHS Clinic
Harare	Harare	ha Fife Avenue Clinic
Harare	Harare	ha Giovanni Spagnolli Clinic
Harare	Harare	ha Glen View Maternity Home
Harare	Harare	ha Glen View Poly
Harare	Harare	ha Hatcliffe Poly
Harare	Harare	ha Highfield Poly
Harare	Harare	ha Highlands Primary Care Clinic
Harare	Harare	ha Hopley
Harare	Harare	ha Kambuzuma
Harare	Harare	ha Mabvuku Poly
Harare	Harare	ha Mabvuku Satellite
Harare	Harare	ha Marlborough Satellite Clinic
Harare	Harare	ha Mashambanzou Care Trust Hospital
Harare	Harare	ha Mbare Hostel CeSHHAR Sisters' Clinic
Harare	Harare	ha Mufakose FHS
Harare	Harare	ha Mufakose Poly
Harare	Harare	ha Newlands Clinic
Harare	Harare	ha Parirenyatwa Clinic
Harare	Harare	ha Parirenyatwa Group of Hospitals
Harare	Harare	ha PSI New start Centre, Kwame
Harare	Harare	ha Queen of Peace
Harare	Harare	ha Rujeko Poly
Harare	Harare	ha Rutsanana Poly
Harare	Harare	ha Sally Mugabe Central Hospital OPD
Harare	Harare	ha Sally Mugabe Central Hospital Paediatric
Harare	Harare	ha Spilhaus
Harare	Harare	ha Stoneridge Hospital
Harare	Harare	ha Sunningdale Clinic
Harare	Harare	ha Wilkins Infectious Diseases Hospital
Harare	Harare	ha ZPS Chikurubi Farm Prison
Harare	Harare	ha ZPS Chikurubi Female Prison Clinic
Harare	Harare	ha ZPS Chikurubi Maximum Prison Hospital
Harare	Harare	ha ZPS Chikurubi Maximum Prison Psychiatric
Harare	Harare	ha ZPS Chikurubi Prison Dependants Clinic
Harare	Harare	ha ZPS Chikurubi Prison Staff Hospital
Harare	Harare	ha ZPS Harare Central Prison Dependants Clinic
Harare	Harare	ha ZPS Harare Central Prison Hospital
Harare	Harare	ha ZPS Harare Remand Prison
Harare	Ruwa	ha Ruwa Clinic
Harare	Ruwa	ha Ruwa PolyClinic
Harare	Ruwa	ha Ruwa Rehabilitation Hospital
Manicaland	Buhera	ma Birchenough Bridge Hospital
Manicaland	Buhera	ma Chawatama RHC
Manicaland	Buhera	ma Chipondamidzi Clinic
Manicaland	Buhera	ma Garamwera Rural Council Clinic
Manicaland	Buhera	ma Maburutse Clinic
Manicaland	Buhera	ma Mbundire Clinic
Manicaland	Buhera	ma Msasa RDC clinic
Manicaland	Buhera	ma Mukubu Clinic
Manicaland	Buhera	ma Murambinda Mission Hospital
Manicaland	Buhera	ma Mutasa Clinic
Manicaland	Buhera	ma Ndyarima clinic
Manicaland	Buhera	ma Nyashanu Mission Clinic
Manicaland	Buhera	ma St Moses Chiremwa clinic
Manicaland	Chipinge	ma Arda Chisumbanje Clinic
Manicaland	Chipinge	ma Chinyamukwakwa Rural Health Centre
Manicaland	Chipinge	ma Chipinge Hospital
Manicaland	Chipinge	ma Chiriga Clinic
Manicaland	Chipinge	ma Gaza Clinic
Manicaland	Chipinge	ma Kopera Rural Health Centre
Manicaland	Chipinge	ma Lamont clinic
Manicaland	Chipinge	ma Mabee Rural Health Centre
Manicaland	Chipinge	ma Madhuku Clinic
Manicaland	Chipinge	ma Mahenye Rural Health Centre
Manicaland	Chipinge	ma Midsave Clinic
Manicaland	Chipinge	ma Musilizwe Rural Health Centre
Manicaland	Chipinge	ma Muswera Rural clinic
Manicaland	Chipinge	ma Paidamoyo Rural Health Centre
Manicaland	Chipinge	ma St Peters Hospital
Manicaland	Chipinge	ma Tanganda Rural
Manicaland	Chipinge	ma Tanganda Rural Health Centre
Manicaland	Chipinge	ma Tingamira Clinic
Manicaland	Chipinge	ma Tongogara Rural Health Centre
Manicaland	Chipinge	ma Tuzuka Clinic
Manicaland	Chipinge	ma ZPS Chipinge Prison Clinic
Manicaland	Makoni	ma Nzvimbe clinic
Manicaland	Makoni	ma Arnoldine Mission Clinic
Manicaland	Makoni	ma Era Mine Clinic
Manicaland	Makoni	ma Mabvazuva Clinic
Manicaland	Makoni	ma Matotwe Rural Health Centre
Manicaland	Makoni	ma Mukuwapasi Rehab Clinic
Manicaland	Makoni	ma Rusape Hospital
Manicaland	Makoni	ma Tsikada Rural Health Center
Manicaland	Makoni	ma ZPS Little Kraal Prison Clinic
Manicaland	Mutare	ma Bwizi Rural Health Centre
Manicaland	Mutare	ma Chikanga
Manicaland	Mutare	ma Chikwariro Clinic
Manicaland	Mutare	ma Chinyamazizi Clinic
Manicaland	Mutare	ma Chipendeke Clinic
Manicaland	Mutare	ma Dangamvura
Manicaland	Mutare	ma Forbes Boarder
Manicaland	Mutare	ma Forbes Boarder CeSHHAR Mobile Sister's clinic
Manicaland	Mutare	ma Forbes Boarder Clinic
Manicaland	Mutare	ma Gimboki Clinic
Manicaland	Mutare	ma Hob House
Manicaland	Mutare	ma Leekuil Takunda Clinic
Manicaland	Mutare	ma Madanga Clinic
Manicaland	Mutare	ma Matanda Clinic
Manicaland	Mutare	ma Mount Zuma Clinic
Manicaland	Mutare	ma Mutare Health
Manicaland	Mutare	ma New Start Centre
Manicaland	Mutare	ma Odzi Clinic
Manicaland	Mutare	ma Sakubva
Manicaland	Mutare	ma Sakubva Hospital
Manicaland	Mutare	ma St Josephs' Mission Hospital
Manicaland	Mutare	ma St Werburghs Clinic
Manicaland	Mutare	ma Victoria Chitepo Provincial Hospital
Manicaland	Mutare	ma ZPS Mutare Prison Farm Clinic
Manicaland	Mutare	ma Zvipiripiri Rural Health Centre
Manicaland	Mutasa	ma Chinaka Health Post
Manicaland	Mutasa	ma Chinamasa Clinic
Manicaland	Mutasa	ma Chitombo Clinic
Manicaland	Mutasa	ma Drenane Clinic
Manicaland	Mutasa	ma Eastern Highlands Plantation Clinic
Manicaland	Mutasa	ma Guta Clinic
Manicaland	Mutasa	ma Haparari Clinic
Manicaland	Mutasa	ma Hauna Hospital
Manicaland	Mutasa	ma Hawling health post
Manicaland	Mutasa	ma Honde Mission Clinic
Manicaland	Mutasa	ma Imbeza Clinic
Manicaland	Mutasa	ma Katiyo Tea Estate Clinic
Manicaland	Mutasa	ma Kubatana health post
Manicaland	Mutasa	ma Magadzire health post
Manicaland	Mutasa	ma Mpotedzi Clinic
Manicaland	Mutasa	ma Mt Jenya Clinic
Manicaland	Mutasa	ma Mutasa Clinic
Manicaland	Mutasa	ma Mwoyoweshumba Clinic
Manicaland	Mutasa	ma Ngarura Clinic
Manicaland	Mutasa	ma Nyamukwarara RDC Clinic
Manicaland	Mutasa	ma Premier Central Clinic
Manicaland	Mutasa	ma Redwing Clinic
Manicaland	Mutasa	ma Sadziwa Clinic
Manicaland	Mutasa	ma Sagambe Clinic
Manicaland	Mutasa	ma Sahumani Clinic
Manicaland	Mutasa	ma Sakupwanya Clinic
Manicaland	Mutasa	ma Samanga Clinic
Manicaland	Mutasa	ma Samaringa Clinic
Manicaland	Mutasa	ma Selbourne/Nyanga Pine Clinic
Manicaland	Mutasa	ma Sheba Clinic
Manicaland	Mutasa	ma St Augustine's Clinic
Manicaland	Mutasa	ma St Peter's Mandeya Mission Clinic
Manicaland	Mutasa	ma Tsvingwe RDC Clinic
Manicaland	Mutasa	ma Zongoro Clinic
Manicaland	Mutare	ma Chiwere Clinic
Mashonaland Central	Guruve	mc Birkdale Clinic
Mashonaland Central	Guruve	mc Bvochora Rural Health Centre
Mashonaland Central	Guruve	mc Guruve Centre Rural Health Clinic
Mashonaland Central	Guruve	mc Guruve Hospital
Mashonaland Central	Guruve	mc Kemutamba Clinic
Mashonaland Central	Guruve	mc Mugarakamwe Clinic
Mashonaland Central	Guruve	mc Negomo Rural Health Centre
Mashonaland Central	Guruve	mc Nyamhondoro Rural Health Centre
Mashonaland Central	Guruve	mc Nyamupfuta Clinic
Mashonaland Central	Guruve	mc Shinje Rural Health Centre
Mashonaland Central	Mazowe	mc Adura Clinic
Mashonaland Central	Mazowe	mc Belgownie Clinic
Mashonaland Central	Mazowe	mc Chigwida Clinic
Mashonaland Central	Mazowe	mc Chinehasha Rural Health Centre
Mashonaland Central	Mazowe	mc Concession Hospital
Mashonaland Central	Mazowe	mc Cranham Clinic
Mashonaland Central	Mazowe	mc Dandamera Clinic
Mashonaland Central	Mazowe	mc Gombekombe Clinic
Mashonaland Central	Mazowe	mc Henderson Clinic
Mashonaland Central	Mazowe	mc Horta Clinic
Mashonaland Central	Mazowe	mc Maria Theresa Clinic
Mashonaland Central	Mazowe	mc Mazowe Citrus Clinic
Mashonaland Central	Mazowe	mc Mazowe Mine
Mashonaland Central	Mazowe	mc Mazowe Secondary Clinic
Mashonaland Central	Mazowe	mc Muswenhede Clinic
Mashonaland Central	Mazowe	mc Nyakudya Rural Health Centre
Mashonaland Central	Mazowe	mc Sandringham Clinic
Mashonaland Central	Mazowe	mc Shutu Rural Health Centre
Mashonaland Central	Mazowe	mc Suoguru Clinic
Mashonaland Central	Mazowe	mc ZPS Mazowe Prison Clinic
Mashonaland Central	Mount Darwin	mc Bandimba Clinic
Mashonaland Central	Mount Darwin	mc Bveke Clinic
Mashonaland Central	Mount Darwin	mc Chibuli Clinic
Mashonaland Central	Mount Darwin	mc Dotito Rural Health Centre
Mashonaland Central	Mount Darwin	mc Kamutsenzere Rural Health Centre
Mashonaland Central	Mount Darwin	mc Kandeya clinic
Mashonaland Central	Mount Darwin	mc Mount Darwin Hospital
Mashonaland Central	Mount Darwin	mc Murongwe Clinic
Mashonaland Central	Mount Darwin	mc Nembire Rural Health Centre
Mashonaland Central	Mount Darwin	mc Nyamahobogo Rural Health Centre
Mashonaland Central	Mount Darwin	mc Pfunyanguwo Rural Health Centre
Mashonaland Central	Mount Darwin	mc Tsakare Rural Health Centre
Mashonaland Central	Mount Darwin	mc ZPS Mount Darwin Prison Clinic
Mashonaland East	Goromonzi	me Bromley Clinic
Mashonaland East	Goromonzi	me Caledonia clinic
Mashonaland East	Goromonzi	me Chabwino Clinic
Mashonaland East	Goromonzi	me Chivaraidze Clinic(Pvt)
Mashonaland East	Goromonzi	me Cranborne Clinic
Mashonaland East	Goromonzi	me Domboshava Rural Health Centre
Mashonaland East	Goromonzi	me Henry John Reimer Clinic
Mashonaland East	Goromonzi	me Joan Rankine Clinic
Mashonaland East	Goromonzi	me Makumbe Hospital
Mashonaland East	Goromonzi	me Melfort Clinic
Mashonaland East	Goromonzi	me Pagejo RaRuby Clinic
Mashonaland East	Marondera	me Arcadia Rural Council Clinic
Mashonaland East	Marondera	me Chakadini Clinic
Mashonaland East	Marondera	me Chipararwe Council Clinic
Mashonaland East	Marondera	me Dombotombo Council Clinic
Mashonaland East	Marondera	me Igava Council Clinic
Mashonaland East	Marondera	me Kushinga Phikhelela Rural Health Centre
Mashonaland East	Marondera	me Lustleigh Council Clinic
Mashonaland East	Marondera	me Marondera Rural Council Clinic
Mashonaland East	Marondera	me Marondera ZNFPC Clinic
Mashonaland East	Marondera	me Masikana Council Clinic
Mashonaland East	Marondera	me Nyameni Council Clinic
Mashonaland East	Marondera	me Nyembanzvere Council Clinic
Mashonaland East	Marondera	me Rakodzi Pvt Clinic
Mashonaland East	Marondera	me Ridigita Farm Prison Clinic
Mashonaland East	Marondera	me Waddilove Clinic
Mashonaland East	Marondera	me ZPS Marondera Prison Clinic
Mashonaland East	Murewa	me Chingwaru Clinic
Mashonaland East	Murewa	me Dandara Rural Health Centre
Mashonaland East	Murewa	me Goso Rural Health Centre
Mashonaland East	Murewa	me Kadzere Rural Health Centre
Mashonaland East	Murewa	me Kambarami Rural Health Centre
Mashonaland East	Murewa	me Matututu Clinic
Mashonaland East	Murewa	me Ngwerume Rural Health Centre
Mashonaland East	Murewa	me Shambamuto Rural Health Centre
Mashonaland East	Murewa	me Virginia Clinic
Mashonaland East	Murewa	me Welcome Home Rural Health Centre
Mashonaland East	Murewa	me ZPS Murewa Prison Clinic
Mashonaland East	Murewa	me Murewa Gvt Hospital
Midlands	Gokwe South	mi Chitapo Clinic
Midlands	Gokwe South	mi Ganye Clinic
Midlands	Gokwe South	mi Gokwe South Hospital
Midlands	Gokwe South	mi Gokwe South ZRP Camp Clinic
Midlands	Gokwe South	mi Jiri/ndoza Clinic
Midlands	Gokwe South	mi Katema RDC
Midlands	Gokwe South	mi Mapfungautsi Poly Clinic
Midlands	Gokwe South	mi Mkoka Clinic
Midlands	Gokwe South	mi Ndavambi Clinic
Midlands	Gokwe South	mi Nyaradza Clinic
Midlands	Gokwe South	mi Svisvi Clinic
Midlands	Gokwe South	mi ZPS Gokwe Prison Clinic
Midlands	Gweru	mi CeSHHAR Clinic
Midlands	Gweru	mi Gweru ZNFPC Clinic
Midlands	Gweru	mi Riverdale Clinic
Midlands	Gweru	mi Gatawa Clinic
Midlands	Gweru	mi Gunde Rural Health Centre
Midlands	Gweru	mi Gweru Hospital
Midlands	Gweru	mi Hozheri Mission Clinic
Midlands	Gweru	mi Impala Rural Clinic
Midlands	Gweru	mi Kabanga Rural Health Centre
Midlands	Gweru	mi Lower Gweru Clinic
Midlands	Gweru	mi Mangwandi Rural Health Centre
Midlands	Gweru	mi Masvori Rural Health Centre
Midlands	Gweru	mi Pfende Clinic
Midlands	Gweru	mi PSI New Start Centre
Midlands	Gweru	mi Senga Clinic
Midlands	Gweru	mi St Patrick's Clinic
Midlands	Gweru	mi ZPS Connemara Prison Clinic
Midlands	Gweru	mi ZPS Whawha Prison Clinic
Midlands	Kwekwe	mi Dendera Rural Health Centre
Midlands	Kwekwe	mi Donza Rural Health Centre
Midlands	Kwekwe	mi Jena Mines Clinic
Midlands	Kwekwe	mi Kwekwe General Hospital
Midlands	Kwekwe	mi Mayoka Clinic
Midlands	Kwekwe	mi Mbizo I Clinic
Midlands	Kwekwe	mi Mbizo II Clinic
Midlands	Kwekwe	mi Melsonia Clinic
Midlands	Kwekwe	mi Mlezu Clinic
Midlands	Kwekwe	mi Msilahobe Rural Health Centre
Midlands	Kwekwe	mi Silobela Hospital
Midlands	Kwekwe	mi Torwood Clinic
Midlands	Kwekwe	mi Zhombe Mission Hospital
Midlands	Mberengwa	mi Bonda Clinic
Midlands	Mberengwa	mi Buchwa Camp Clinic
Midlands	Mberengwa	mi Kotokwe Rural Health Centre
Midlands	Mberengwa	mi Marirazhombe RDC
Midlands	Mberengwa	mi Mberengwa Hospital
Midlands	Mberengwa	mi Neta Clinic
Midlands	Gokwe South	mi Ndhlalambi RDC
Matabeleland North	Bubi	mn Balanda Clinic
Matabeleland North	Bubi	mn Bona Clinic
Matabeleland North	Bubi	mn Famona Clinic
Matabeleland North	Bubi	mn Inyathi Hospital
Matabeleland North	Bubi	mn Kenilworth Clinic
Matabeleland North	Bubi	mn Mdutshane Rural Health Centre
Matabeleland North	Bubi	mn Membeswana Rural Health Centre
Matabeleland North	Bubi	mn Siganda Clinic
Matabeleland North	Hwange	mn Sinamatela Camp Clinic
Matabeleland North	Hwange	mn Dete NRZ Clinic
Matabeleland North	Hwange	mn Five Miles Rural Hospital
Matabeleland North	Hwange	mn Hwange NRZ Surgery Clinic
Matabeleland North	Hwange	mn Leona RHC
Matabeleland North	Hwange	mn Wellness Clinic
Matabeleland North	Hwange	mn ZRP Hwange
Matabeleland North	Hwange	mn ZRP Victoria Falls
Matabeleland North	Lupane	mn Dandanda Rural Health Centre
Matabeleland North	Lupane	mn Dongamuzi Rural Health Centre
Matabeleland North	Lupane	mn Gwaai Rural Health Centre
Matabeleland North	Lupane	mn Kanyandavu Rural Health Centre
Matabeleland North	Lupane	mn Pupu Clinic
Matabeleland North	Lupane	mn Tshongogwe Mission Hospital
Matabeleland North	Nkayi	mn Fanisoni Clinic
Matabeleland North	Nkayi	mn Guwe Clinic
Matabeleland North	Nkayi	mn Gwelutshena Clinic
Matabeleland North	Nkayi	mn Lutsha Clinic
Matabeleland North	Nkayi	mn Mdengelele Clinic
Matabeleland North	Nkayi	mn Nesigwe Clinic
Matabeleland North	Nkayi	mn Ngwaladi Rural Health Centre
Matabeleland North	Nkayi	mn Nkayi Hospital
Matabeleland North	Nkayi	mn Sesemba Clinic
Matabeleland North	Nkayi	mn Vova
Matabeleland North	Nkayi	mn Zinyangeni Clinic
Matabeleland North	Nkayi	mn ZPS Nkayi Prison Clinic
Matabeleland North	Tsholotsho	mn Bemba Clinic
Matabeleland North	Tsholotsho	mn Bubude Clinic
Matabeleland North	Tsholotsho	mn Dlamini Clinic
Matabeleland North	Tsholotsho	mn Kapane Clinic
Matabeleland North	Tsholotsho	mn Mtshayeli Rural Health Centre
Matabeleland North	Tsholotsho	mn Nkunzi Clinic
Matabeleland North	Tsholotsho	mn Shaba Clinc
Matabeleland North	Tsholotsho	mn Tshefunye Clinic
Matabeleland North	Tsholotsho	mn Tsholotsho Hospital
Matabeleland North	Tsholotsho	mn ZPS Tsholotsho Prison Clinic
Matabeleland North	Umguza	mn Bhekeni Clinic
Matabeleland North	Umguza	mn Bhumane Clinic
Matabeleland North	Umguza	mn Maboleni Clinic
Matabeleland North	Umguza	mn Nyamandlovu Hospital
Matabeleland North	Umguza	mn Umguza Council Clinic
Matabeleland North	Umguza	mn ZNA Imbizo Camp Hospital
Matabeleland North	Umguza	mn ZNA Induna Clinic
Matabeleland North	Umguza	mn ZPS Anju Rural Health Centre
Matabeleland North	Umguza	mn ZPS Khami Max Prison Hospital
Matabeleland North	Umguza	mn ZPS Khami Medium Prison Clinic
Matabeleland North	Umguza	mn ZPS Khami Prison Staff Hospital
Matabeleland North	Umguza	mn ZPS Khami Remand Prison Clinic
Matabeleland North	Umguza	mn ZPS Mlondolozi Prison Clinic
Matabeleland North	Umguza	mn ZPS Ntabazinduna Prison Clinic
Matabeleland North	Umguza	mn ZRP Fairbridge Rural Health Centre
Matabeleland North	Umguza	mn ZRP Ntabazinduna Rural Health Centre
Matabeleland South	Beitbridge	ms Beitbridge CeSHHAR Sister's Clinic
Matabeleland South	Beitbridge	ms Beitbridge Hospital
Matabeleland South	Beitbridge	ms Beitbridge ZRP Clinic
Matabeleland South	Beitbridge	ms Dulibadzimu Satelite Clinic
Matabeleland South	Beitbridge	ms Makakabule Clinic
Matabeleland South	Beitbridge	ms Malabe Health post
Matabeleland South	Beitbridge	ms Wellness
Matabeleland South	Beitbridge	ms Wellness Centre
Matabeleland South	Bulilima	ms Lady Barring Rural Hospital
Matabeleland South	Bulilima	ms Lady Stanley Rural Hospital
Matabeleland South	Bulilima	ms Makhulela Rural Health Centre
Matabeleland South	Bulilima	ms Solusi Mission Clinic
Matabeleland South	Gwanda	ms Colleen-bawn Clinic
Matabeleland South	Gwanda	ms Gungwe RHC
Matabeleland South	Gwanda	ms Gwanda ZNFPC
Matabeleland South	Gwanda	ms Gwanda ZNFPC Clinic
Matabeleland South	Gwanda	ms Gwanda ZRP Clinic
Matabeleland South	Gwanda	ms Makwe RHC
Matabeleland South	Gwanda	ms Mandihongola RHC
Matabeleland South	Gwanda	ms Mapate Clinic
Matabeleland South	Gwanda	ms Nhwali RHC
Matabeleland South	Gwanda	ms Selonga Clinic
Matabeleland South	Gwanda	ms Sengezane Clinic
Matabeleland South	Gwanda	ms Silikwe Clinic
Matabeleland South	Gwanda	ms Simbumbumbu RHC
Matabeleland South	Gwanda	ms Stanmore RHC
Matabeleland South	Gwanda	ms ZPS Gwanda Prison Clinic
Matabeleland South	Insiza	ms Filabusi Hospital
Matabeleland South	Insiza	ms GSU Clinic
Matabeleland South	Insiza	ms Insiza Rural Health Centre
Matabeleland South	Insiza	ms Kombo Health Post
Matabeleland South	Insiza	ms Saphila RDC
Matabeleland South	Insiza	ms Shangani Clinic
Matabeleland South	Insiza	ms Wanezi Mission Hospital
Matabeleland South	Matobo	ms Bazha Mission Clinic
Matabeleland South	Matobo	ms Maphisa Hospital
Matabeleland South	Matobo	ms Masiye Clinic
Matabeleland South	Matobo	ms Matopo Rural Hospital
Matabeleland South	Matobo	ms Mbembeswane Clinic
Matabeleland South	Matobo	ms St Joseph's Mission Hospital
Matabeleland South	Umzingwane	ms Esigodini Hospital
Matabeleland South	Umzingwane	ms How Mine Clinic
Matabeleland South	Umzingwane	ms Irrisvale RHC
Matabeleland South	Umzingwane	ms Kumbudzi RHC
Matabeleland South	Umzingwane	ms Mbizingwe RHC
Matabeleland South	Umzingwane	ms Mpisini RHC
Matabeleland South	Umzingwane	ms Mzingwane RHC
Matabeleland South	Beitbridge	ms ZPS Beitbridge Prison Clinic
Masvingo	Chiredzi	mv Chikombedzi Mission Hospital
Masvingo	Chiredzi	mv Chikwirire RHC
Masvingo	Chiredzi	mv Chilonga Rural Health Centre
Masvingo	Chiredzi	mv Chizvirizvi Rural Health Centre
Masvingo	Chiredzi	mv Davata Rural Health Centre
Masvingo	Chiredzi	mv Gezani Rural Health Centre
Masvingo	Chiredzi	mv Gudo Rural Health Centre
Masvingo	Chiredzi	mv Hippo Valley Private Hospital
Masvingo	Chiredzi	mv Masivamele Rhc
Masvingo	Chiredzi	mv Matedzi RHC
Masvingo	Chiredzi	mv Mhlanguleni Rural Health Centre
Masvingo	Chiredzi	mv Muteyo Rural Health Centre
Masvingo	Chiredzi	mv Nyangambe Rural Health Centre
Masvingo	Chiredzi	mv Samu Rural Health Centre
Masvingo	Chiredzi	mv Sango Border Post
Masvingo	Chiredzi	mv Triangle Private Hospital
Masvingo	Chiredzi	mv ZPS Chiredzi Prison Clinic
Masvingo	Chivi	mv Berejena Mission Hospital
Masvingo	Chivi	mv Chivi Hospital
Masvingo	Chivi	mv Madamombe Clinic
Masvingo	Chivi	mv Nyahombe Rural Health Centre
Masvingo	Chivi	mv Shindi Satellite Clinic
Masvingo	Chivi	mv Vuranda Clinic
Masvingo	Chivi	mv Vutete Health Centre
Masvingo	Gutu	mv Chinyika Rural Hospital
Masvingo	Gutu	mv Chiwore Rural Health Centre
Masvingo	Gutu	mv Dewure Clinic
Masvingo	Gutu	mv Gutu Rural Hospital
Masvingo	Gutu	mv Matizha Rural Health Centre
Masvingo	Gutu	mv Mukaro Mission Hospital
Masvingo	Gutu	mv Munyikwa Clinic
Masvingo	Gutu	mv Mushaviri Rural Health Centre
Masvingo	Gutu	mv Mutema Rural Health Centre
Masvingo	Gutu	mv Mutero Mission Hospital
Masvingo	Gutu	mv Nemashakwe Rural Health Centre
Masvingo	Gutu	mv Tirizi Satellite Clinic
Masvingo	Gutu	mv Zvavahera Rural Health Centre
Masvingo	Masvingo	mv Alvord Rural Health Centre
Masvingo	Masvingo	mv Bondolfi Clinic
Masvingo	Masvingo	mv Chisase Clinic
Masvingo	Masvingo	mv Gokomere Mission Clinic
Masvingo	Masvingo	mv Gurajena Rural Health Centre
Masvingo	Masvingo	mv Guwa Rural Health Centre
Masvingo	Masvingo	mv Masvingo Provincial Hospital
Masvingo	Masvingo	mv Mavizhu Clinic
Masvingo	Masvingo	mv Mucheke
Masvingo	Masvingo	mv Mukosi Rural Health Centre
Masvingo	Masvingo	mv Musingarabwi Clinic
Masvingo	Masvingo	mv Musvovi Rural Health Centre
Masvingo	Masvingo	mv Nemamwa Rural Health Centre
Masvingo	Masvingo	mv Ngomahuru Psychiatric Hospital
Masvingo	Masvingo	mv North West Medical Center Clinic
Masvingo	Masvingo	mv PSI Newstart Masvingo
Masvingo	Masvingo	mv Rucors Talitha Cumi Mission Hospital
Masvingo	Masvingo	mv Summerton Rural Health Centre
Masvingo	Masvingo	mv Zimuto Mission Clinic
Masvingo	Masvingo	mv ZPS Mutimurefu Prison Clinic
Masvingo	Masvingo	mv Zvamahande Clinic
Masvingo	Mwenezi	mv Boterere Clinic
Masvingo	Mwenezi	mv Bubye River Ranch Clinic
Masvingo	Mwenezi	mv Chimbudzi Rural Health Centre
Masvingo	Mwenezi	mv Chingwizi Clinic
Masvingo	Mwenezi	mv Chizumba Rural Health Centre
Masvingo	Mwenezi	mv G and N Clinic
Masvingo	Mwenezi	mv Marinda Clinic
Masvingo	Mwenezi	mv Mlelezi Clinic
Masvingo	Mwenezi	mv Munyamani Rural Health Centre
Masvingo	Mwenezi	mv Neshuro Hospital
Masvingo	Mwenezi	mv Rutenga NRZ Clinic
Masvingo	Mwenezi	mv ZIMBABWE BIO ENERGY CLINIC
Masvingo	Zaka	mv Benzi Clinic
Masvingo	Zaka	mv Mageza Clinic
Masvingo	Zaka	mv Nemauku Rural Health Centre
Masvingo	Zaka	mv Svuure Rural Health Centre
Masvingo	Zaka	mv Zibwowa Rural Health Centre
Masvingo	Chiredzi	mv Crownrange RHC
Mashonaland West	Chegutu	mw Beersheba Mission Clinic
Mashonaland West	Chegutu	mw Chegutu Clinic
Mashonaland West	Chegutu	mw Chegutu Hospital FCH
Mashonaland West	Chegutu	mw Chegutu Hospital OPD
Mashonaland West	Chegutu	mw Chikara Clinic
Mashonaland West	Chegutu	mw Chivero Clinic
Mashonaland West	Chegutu	mw Danangwe Rural Council
Mashonaland West	Chegutu	mw Katanga Utano Clinic
Mashonaland West	Chegutu	mw Kent Estate Clinic
Mashonaland West	Chegutu	mw Mhondoro North Clinic
Mashonaland West	Chegutu	mw Monera Rural Health Centre
Mashonaland West	Chegutu	mw Msengezi Rural Health Centre
Mashonaland West	Chegutu	mw Mupawose Clinic
Mashonaland West	Chegutu	mw Rwizi Clinic
Mashonaland West	Chegutu	mw Sandringham Clinic
Mashonaland West	Chegutu	mw Santa Barbara Mission Clinic
Mashonaland West	Chegutu	mw Selous Clinic
Mashonaland West	Chegutu	mw Shamrock Clinic
Mashonaland West	Chegutu	mw Watyoka Clinic
Mashonaland West	Chegutu	mw Zimplats Selous Clinic
Mashonaland West	Hurungwe	mw Beugest RDC Clinic
Mashonaland West	Hurungwe	mw Chinhere Clinic
Mashonaland West	Hurungwe	mw Chiroti Clinic
Mashonaland West	Hurungwe	mw Chirundu Rural Health Centre
Mashonaland West	Hurungwe	mw Chivende Rural Health Centre
Mashonaland West	Hurungwe	mw Dete Clinic
Mashonaland West	Hurungwe	mw Deve Clinic
Mashonaland West	Hurungwe	mw Helwin Clinic
Mashonaland West	Hurungwe	mw Hesketh Clinic
Mashonaland West	Hurungwe	mw Kapfunde Clinic
Mashonaland West	Hurungwe	mw Karoi CeSHHAR Sister's Clinic
Mashonaland West	Hurungwe	mw Karoi Hospital
Mashonaland West	Hurungwe	mw Karuru RDC Clinic
Mashonaland West	Hurungwe	mw Kasimure RHC
Mashonaland West	Hurungwe	mw Kazangarare Clinic
Mashonaland West	Hurungwe	mw Lynx Clinic
Mashonaland West	Hurungwe	mw Makuti Rural Health Centre
Mashonaland West	Hurungwe	mw Masanga Rural Health Centre
Mashonaland West	Hurungwe	mw Mashongwe Clinic
Mashonaland West	Hurungwe	mw Masikati Clinic
Mashonaland West	Hurungwe	mw Moy RDC Clinic
Mashonaland West	Hurungwe	mw Mwami Rural Hospital
Mashonaland West	Hurungwe	mw Nyama clinic
Mashonaland West	Hurungwe	mw Nyamhunga Sengwe Clinic
Mashonaland West	Hurungwe	mw Nyangoma Clinic
Mashonaland West	Hurungwe	mw Zvipani Rural Health Centre
Mashonaland West	Makonde	mw Alaska Munic Clinic
Mashonaland West	Makonde	mw Ceshhar Chinhoyi
Mashonaland West	Makonde	mw Chikonohono Munic Clinic
Mashonaland West	Makonde	mw Chimanimani RDC Clinic
Mashonaland West	Makonde	mw Chinhoyi Univ of Tech Clinic
Mashonaland West	Makonde	mw Chipfuwamiti Clinic
Mashonaland West	Makonde	mw Doma RDC Clinic
Mashonaland West	Makonde	mw Gandawasvika RDC Clinic
Mashonaland West	Makonde	mw Godzi RDC Clinic
Mashonaland West	Makonde	mw Gudubu Rural Health Centre
Mashonaland West	Makonde	mw Kamhonde Rural Health Centre
Mashonaland West	Makonde	mw Kamuzingizi RDC Clinic
Mashonaland West	Makonde	mw Kanyaga RDC Clinic
Mashonaland West	Makonde	mw Kenzamba Rural Health Centre
Mashonaland West	Makonde	mw Khosana Ranch RDCClinic
Mashonaland West	Makonde	mw Makonde Christ Hosp
Mashonaland West	Makonde	mw Makonde ZNFPC Clinic
Mashonaland West	Makonde	mw Manyamba Rural Health Centre
Mashonaland West	Makonde	mw Matoranjera RDC Clinic
Mashonaland West	Makonde	mw Mpata RDC Clinic
Mashonaland West	Makonde	mw Murereka Rural Health Centre
Mashonaland West	Makonde	mw Mutala RDC Clinic
Mashonaland West	Makonde	mw Muzari Ployclinic Munic
Mashonaland West	Makonde	mw Naison Dip RDC Clinic
Mashonaland West	Makonde	mw Obva RDC Clinic
Mashonaland West	Makonde	mw Presbyterian Private Clinic
Mashonaland West	Makonde	mw RSHM Life Care Centre
Mashonaland West	Makonde	mw Runene RDCClinic
Mashonaland West	Makonde	mw Shackelton Municipal Clinic
Mashonaland West	Makonde	mw Umboe RDC Clinic
Mashonaland West	Makonde	mw ZPS Chinhoyi Prison Clinic
Mashonaland West	Makonde	mw Zumbara Rural Health Centre
Mashonaland West	Kadoma Sanyati	mw Carfex RDC Clinic
Mashonaland West	Kadoma Sanyati	mw Chemukute Municipal Clinic
Mashonaland West	Kadoma Sanyati	mw Chirikiti RDC Clinic
Mashonaland West	Kadoma Sanyati	mw Kadoma CeSHHAR Sister's Clinic
Mashonaland West	Kadoma Sanyati	mw Kadoma General Hospital (FCH)
Mashonaland West	Kadoma Sanyati	mw Kadoma General Hospital (OPD)
Mashonaland West	Kadoma Sanyati	mw Kadoma ZRP Clinic
Mashonaland West	Kadoma Sanyati	mw Muuyu RDC Clinic
Mashonaland West	Kadoma Sanyati	mw Ngezi Municipal_Clinic
Mashonaland West	Kadoma Sanyati	mw Ordoff RDC Clinic
Mashonaland West	Kadoma Sanyati	mw Patchway RDC Clinic
Mashonaland West	Kadoma Sanyati	mw Perseverance Army Clinic
Mashonaland West	Kadoma Sanyati	mw Rimuka MCH Municipal Clinic
Mashonaland West	Kadoma Sanyati	mw Rimuka Municipal Clinic
Mashonaland West	Kadoma Sanyati	mw Sanyati RDC Clinic
Mashonaland West	Kadoma Sanyati	mw Waverly Municipal Clinic
Mashonaland West	Kadoma Sanyati	mw ZPS Kadoma Prison Clinic
Mashonaland West	Zvimba	mw Aryshire Mine Clinic
Mashonaland West	Zvimba	mw Ayshire RDC Clinic
Mashonaland West	Zvimba	mw Banket Hospital MCH
Mashonaland West	Zvimba	mw Banket Hospital OPD
Mashonaland West	Zvimba	mw Bervking
Mashonaland West	Zvimba	mw Chikeya RDC Clinic
Mashonaland West	Zvimba	mw Chirau RDC Clinic
Mashonaland West	Zvimba	mw Chivhere Rural Health Centre
Mashonaland West	Zvimba	mw Dzivaresekwa gvt Clinic
Mashonaland West	Zvimba	mw Gwebi Rural Health Centre
Mashonaland West	Zvimba	mw Herbert Chitepo
Mashonaland West	Zvimba	mw Inamo Farming Clinic
Mashonaland West	Zvimba	mw Inkomo ARMY Mech Field Coy Clinic
Mashonaland West	Zvimba	mw Jari RDC Clinic
Mashonaland West	Zvimba	mw Kemurara RDC Clinic
Mashonaland West	Zvimba	mw Kutama RDC Clinic
Mashonaland West	Zvimba	mw Kuwadzana RDC Clinic
Mashonaland West	Zvimba	mw Lospen Farming Clinic
Mashonaland West	Zvimba	mw Masiyarwa RDC Clinic
Mashonaland West	Zvimba	mw Mount Hampden RDC Clinic
Mashonaland West	Zvimba	mw Mpumbu RDC Clinic
Mashonaland West	Zvimba	mw Mutorashanga RDC Hospital
Mashonaland West	Zvimba	mw North Middle Dyke Clinic
Mashonaland West	Zvimba	mw Nyabira RDC Clinic
Mashonaland West	Zvimba	mw Rasper RDC Clinic
Mashonaland West	Zvimba	mw Sutton RDC Clinic
Mashonaland West	Zvimba	mw TRB RDC Clinic
Mashonaland West	Zvimba	mw Trelawney RDC Clinic
Mashonaland West	Zvimba	mw Zowa RDCClinic
Mashonaland West	Zvimba	mw Paramedical ARMY Hospital
Mashonaland West	Zvimba	mw Vanad RDC Clinic
Masvingo	Masvingo	mv Mushandike Rural Health Centre
Masvingo	Mwenezi	mv Chirindi Rural Health Centre
Mashonaland West	Makonde	mw Gamanya RDC clinic
Mashonaland West	Makonde	mw Hombwe RDC Clinic
Mashonaland West	Makonde	mw Mukohwe RDC Clinic
Mashonaland West	Zvimba	mw Mapinga RDC Clinic
