Manicaland	Chimanimani	ma Arda Rusitu Clinic
Manicaland	Chimanimani	ma Biriwiri Rural Hospital
Manicaland	Chimanimani	ma Bumba Rural Health Centre
Manicaland	Chimanimani	Cashel Clinic
Manicaland	Chimanimani	ma Chakohwa Clinic
Manicaland	Chimanimani	ma Changazi Rural Health Centre
Manicaland	Chimanimani	Charleswood Clinic
Manicaland	Chimanimani	ma Charter Clinic
Manicaland	Chimanimani	ma Chayamiti Rural Health Centre
Manicaland	Chimanimani	ma Chikukwa Rural Health Centre
Manicaland	Chimanimani	ma Chikwakwa Clinic
Manicaland	Chimanimani	ma Chikwizi Clinic
Manicaland	Chimanimani	ma Chimanimani Rural Hospital
Manicaland	Chimanimani	ma Chimanimani Urban Clinic
Manicaland	Chimanimani	Chiramba Clinic
Manicaland	Chimanimani	ma Chisengu Clinic
Manicaland	Chimanimani	ma Gudyanga Clinic
Manicaland	Chimanimani	ma Gwendingwe Clinic
Manicaland	Chimanimani	Hangani Clinic
Manicaland	Chimanimani	ma Hlabiso Clinic
Manicaland	Chimanimani	Hotsprings Clinic
Manicaland	Chimanimani	Manase Clinic
Manicaland	Chimanimani	Martin Clinic
Manicaland	Chimanimani	ma Mhakwe clinic
Manicaland	Chimanimani	ma Mhandarume clinic
Manicaland	Chimanimani	ma Muchadziya Rural Health Centre
Manicaland	Chimanimani	Mutambara Mission Hospital
Manicaland	Chimanimani	ma Mutsvangwa Clinic
Manicaland	Chimanimani	ma Ngorima Clinic
Manicaland	Chimanimani	ma Nhedziwa Clinic
Manicaland	Chimanimani	ma Nyabamba Clinic
Manicaland	Chimanimani	ma Nyahode Clinic
Manicaland	Chimanimani	ma Nyanyadzi Rural Hospital
Manicaland	Chimanimani	ma Roscommon Clinic
Manicaland	Chimanimani	ma Runyararo Hospital
Manicaland	Chimanimani	ma Rusitu Mission Hospital
Manicaland	Chimanimani	ma Saziya clinic
Manicaland	Chimanimani	ma Shinja Clinic
Manicaland	Chimanimani	Thornton Clinic
Manicaland	Chimanimani	ma Tilbury Clinic
Manicaland	Chimanimani	Vhimba Clinic
Manicaland	Nyanga	ma Avilla Mission Hospital
Manicaland	Nyanga	ma Bende Clinic
Manicaland	Nyanga	ma Chatindo Clinic
Manicaland	Nyanga	ma Chiwarira Clinic
Manicaland	Nyanga	ma Claremont Estate Clinic
Manicaland	Nyanga	ma Dazi Clinic
Manicaland	Nyanga	ma Dombo Rural Health Centre
Manicaland	Nyanga	ma Elim Mission Hospital
Manicaland	Nyanga	ma Erin Forest Estate Clinic
Manicaland	Nyanga	ma Fombe Rural Health Centre
Manicaland	Nyanga	ma Gairezi Rural Health Centre
Manicaland	Nyanga	ma Gotekote Rural Health Centre
Manicaland	Nyanga	ma Kambudzi Clinic
Manicaland	Nyanga	ma Mapako Clinic
Manicaland	Nyanga	ma Matize Rural Health Centre
Manicaland	Nyanga	ma Mount Melleray Mission Hospital
Manicaland	Nyanga	ma Munemo Clinic
Manicaland	Nyanga	ma Nyadowa Clinic
Manicaland	Nyanga	ma Nyafaru Clinic
Manicaland	Nyanga	ma Nyajezi Clinic
Manicaland	Nyanga	ma Nyamaropa Clinic
Manicaland	Nyanga	ma Nyamombe Clinic
Manicaland	Nyanga	ma Nyarumvurwe Rural Health Centre
Manicaland	Nyanga	ma Nyatate Clinic
Manicaland	Nyanga	ma Nyautare Rural Health Centre
Manicaland	Nyanga	ma Regina Coeli Mission Hospital
Manicaland	Nyanga	ma Ruchera Rural Health Centre
Manicaland	Nyanga	ma Sabvure Clinic
Manicaland	Nyanga	ma Spring Valley Clinic
Manicaland	Nyanga	ma Tombo Clinic
Mashonaland Central	Centenary	Chadereka - 100123 - Clinic
Mashonaland Central	Centenary	Chawarura - 100147 - Clinic
Mashonaland Central	Centenary	mc Chiwenga Clinic
Mashonaland Central	Centenary	Dambakurima - 100359 - Rural Health Centre
Mashonaland Central	Centenary	Hoya - 100612 - Clinic
Mashonaland Central	Centenary	Machaya - 100798 - Clinic
Mashonaland Central	Centenary	Muzarabani - 101189 - Clinic
Mashonaland Central	Bindura	Bindura Farm Health Scheme Clinic
Mashonaland Central	Bindura	mc Bindura Provincial Hospital
Mashonaland Central	Bindura	mc Chipadze Clinic
Mashonaland Central	Bindura	mc Chiriseri Clinic
Mashonaland Central	Bindura	mc Chiveso Rural Health Centre
Mashonaland Central	Bindura	mc Chiwaridzo Clinic
Mashonaland Central	Bindura	mc Foothills Clinic
Mashonaland Central	Bindura	mc Freda Rebecca Clinic
Mashonaland Central	Bindura	mc Glamorgan Clinic
Mashonaland Central	Bindura	mc Katanya Clinic
Mashonaland Central	Bindura	mc Manga Rural Health Centre
Mashonaland Central	Bindura	mc Manhenga Clinic
Mashonaland Central	Bindura	mc Muonwe Rural Health Centre
Mashonaland Central	Bindura	mc Mupandira Rural Health Centre
Mashonaland Central	Bindura	mc Nyava Clinic
Mashonaland Central	Bindura	mc Rusununguko Clinic
Mashonaland Central	Bindura	mc Rutope Clinic
Mashonaland Central	Bindura	mc Takunda Rural Health Centre
Mashonaland Central	Bindura	mc Trojan Nickel Clinic
Mashonaland Central	Mbire	mc Angwa Clinic
Mashonaland Central	Mbire	mc Chapoto Clinic
Mashonaland Central	Mbire	mc Chidodo Clinic
Mashonaland Central	Mbire	mc Chikafa Clinic
Mashonaland Central	Mbire	mc Chirunya Clinic
Mashonaland Central	Mbire	Chitsungo Mission Hospital
Mashonaland Central	Mbire	mc Gonono Clinic
Mashonaland Central	Mbire	mc Mahuwe Clinic
Mashonaland Central	Mbire	mc Masoka Clinic
Mashonaland Central	Mbire	mc Masomo Clinic
Mashonaland Central	Mbire	mc Musengezi Clinic
Mashonaland Central	Mbire	mc Mushumbi RHC
Mashonaland Central	Mbire	mc Nyambudzi Clinic
Mashonaland Central	Rushinga	mc Bungwe Clinic
Mashonaland Central	Rushinga	mc Chimandau Rural Health Centre
Mashonaland Central	Rushinga	mc Chimhanda Clinic
Mashonaland Central	Rushinga	mc Ganganyama Clinic
Mashonaland Central	Rushinga	mc Mary Mount Mission Hospital
Mashonaland Central	Rushinga	mc Mazowe Bridge Rural Health Centre
Mashonaland Central	Rushinga	mc Mukonde Rural Health Centre
Mashonaland Central	Rushinga	mc Mukosa Rural Health Centre
Mashonaland Central	Rushinga	Nhawa Rural Health Centre
Mashonaland Central	Rushinga	mc Nyamatikiti Rural Health Centre
Mashonaland Central	Rushinga	mc Rusambo Clinic
Mashonaland Central	Rushinga	mc Rushinga Rural Health Centre
Mashonaland Central	Shamva	mc Bushu Clinic
Mashonaland Central	Shamva	mc Chidembo Clinic
Mashonaland Central	Shamva	mc Chihuri Clinic
Mashonaland Central	Shamva	mc Chipoli Clinic
Mashonaland Central	Shamva	mc Chishapa Clinic
Mashonaland Central	Shamva	mc Goora Rural Health Centre
Mashonaland Central	Shamva	mc Madziwa Rural Hospital
Mashonaland Central	Shamva	mc Madziwa Teachers' College
Mashonaland Central	Shamva	mc Mliti clinic
Mashonaland Central	Shamva	mc Mupfurudzi Rural Health Centre
Mashonaland Central	Shamva	mc Nyamaropa Rural Health Centre
Mashonaland Central	Shamva	mc Nyamaruro Rural Health Centre
Mashonaland Central	Shamva	mc Shamva Gold Mine Clinic
Mashonaland Central	Shamva	mc Takawira Clinic
Mashonaland Central	Shamva	mc Wadzanai Clinic
Mashonaland East	Chikomba	me Bvumbura Clinic
Mashonaland East	Chikomba	me Chivhu Clinic
Mashonaland East	Chikomba	Chivhu General Hospital
Mashonaland East	Chikomba	me Daramombe Clinic
Mashonaland East	Chikomba	Gamanya Clinic
Mashonaland East	Chikomba	me Gandachibvuva Mission Hospital
Mashonaland East	Chikomba	me Gandami Clinic
Mashonaland East	Chikomba	me Gokomere Clinic
Mashonaland East	Chikomba	me Lancashire Clinic
Mashonaland East	Chikomba	me Madamombe Clinic
Mashonaland East	Chikomba	me Manyene Clinic
Mashonaland East	Chikomba	me Masasa Clinic
Mashonaland East	Chikomba	me Mashayamvura Clinic
Mashonaland East	Chikomba	me Mbiru Clinic
Mashonaland East	Chikomba	me Mufudziwakanaka Rural Health Centre
Mashonaland East	Chikomba	me Murezi Rural Health Centre
Mashonaland East	Chikomba	me Mushipe Clinic
Mashonaland East	Chikomba	me Musumha Rural Health Centre
Mashonaland East	Chikomba	me Mutoro Clinic
Mashonaland East	Chikomba	me Mwerahari Clinic
Mashonaland East	Chikomba	me Nhangabwe Clinic
Mashonaland East	Chikomba	me Nharira Rural Hospital
Mashonaland East	Chikomba	me Nyamhere Rural Health Centre
Mashonaland East	Chikomba	me Philipsdale Clinic
Mashonaland East	Chikomba	me Pokoteke Clinic
Mashonaland East	Chikomba	me Range Rural Health Centre
Mashonaland East	Chikomba	me Rutanhira Clinic
Mashonaland East	Chikomba	me Shumba Clinic
Mashonaland East	Chikomba	me Tavara Clinic
Mashonaland East	Chikomba	me Unyetu Clinic
Mashonaland East	Chikomba	me Wazvaramhaka Clinic
Mashonaland East	Chikomba	me Wiltshire Clinic
Mashonaland East	Chikomba	me Zvamatobwe Rural Health Centre
Mashonaland East	Hwedza	me Chigondo Clinic
Mashonaland East	Hwedza	me Chikurumadziva Clinic
Mashonaland East	Hwedza	me Chirume Clinic
Mashonaland East	Hwedza	me Garaba Rural Health Centre
Mashonaland East	Hwedza	me Goneso Rural Health Centre
Mashonaland East	Hwedza	me Goto Clinic
Mashonaland East	Hwedza	me Gotora/Skimpton Clinic
Mashonaland East	Hwedza	me Hwedza Rural Hospital
Mashonaland East	Hwedza	me Idube Clinic
Mashonaland East	Hwedza	me Makarara Clinic
Mashonaland East	Hwedza	Mt St Mary's Mission Hospital
Mashonaland East	Hwedza	me Mukamba Clinic
Mashonaland East	Hwedza	me Sango Clinic
Mashonaland East	Hwedza	me Sengezi Rural Health Centre
Mashonaland East	Hwedza	me Zviduri Clinic
Mashonaland East	Mudzi	me Chikwizo Clinic
Mashonaland East	Mudzi	me Chimukoko Rural Health Centre
Mashonaland East	Mudzi	me Chingamuka Clinic
Mashonaland East	Mudzi	me Chisvo Clinic
Mashonaland East	Mudzi	me Chiunye Rural Health Centre
Mashonaland East	Mudzi	me Dendera Clinic
Mashonaland East	Mudzi	me Goromonzi Clinic
Mashonaland East	Mudzi	me Gozi Rural Health Centre
Mashonaland East	Mudzi	me Kapotesa Clinic
Mashonaland East	Mudzi	me Kondo Rural Health Centre
Mashonaland East	Mudzi	me Kotwa Clinic
Mashonaland East	Mudzi	me Makaha Rural Health Centre
Mashonaland East	Mudzi	me Masarakufa Rural Health Centre
Mashonaland East	Mudzi	me Masenda Clinic
Mashonaland East	Mudzi	me Mavhurazi clinic
Mashonaland East	Mudzi	me Nyahuku Clinic
Mashonaland East	Mudzi	me Nyamande Clinic
Mashonaland East	Mudzi	me Nyamanyora Rural Health Centre
Mashonaland East	Mudzi	me Nyamapanda Clinic
Mashonaland East	Mudzi	me Nyamatawa Clinic
Mashonaland East	Mudzi	me Nyamukoho Clinic
Mashonaland East	Mudzi	me Nyapfunde Clinic
Mashonaland East	Mudzi	me Nyarutepo Clinic
Mashonaland East	Mudzi	me Shinga Clinic
Mashonaland East	Mudzi	me St Pius Clinic
Mashonaland East	Mudzi	me Suswe Clinic
Mashonaland East	Mutoko	me Charehwa Clinic
Mashonaland East	Mutoko	me Chidye Clinic
Mashonaland East	Mutoko	me Chikondoma Clinic
Mashonaland East	Mutoko	me Chindenga Clinic
Mashonaland East	Mutoko	me Hoyuyu I Rural Health Centre
Mashonaland East	Mutoko	me Hoyuyu II Rural Health Centre
Mashonaland East	Mutoko	me Kapondoro Rural Health Centre
Mashonaland East	Mutoko	me Katsukunya Rural Health Centre
Mashonaland East	Mutoko	me Kawazva Clinic
Mashonaland East	Mutoko	me Kawere Rural Health Centre
Mashonaland East	Mutoko	me Kowo Clinic
Mashonaland East	Mutoko	me Kushinga Rural Health Centre
Mashonaland East	Mutoko	me Luisa Guidotti Mission Hospital
Mashonaland East	Mutoko	me Madimutsa Clinic
Mashonaland East	Mutoko	me Makosa Rural Hospital
Mashonaland East	Mutoko	me Matedza Clinic
Mashonaland East	Mutoko	me Mother of Peace Clinic
Mashonaland East	Mutoko	me Mushimbo Rural Health Centre
Mashonaland East	Mutoko	me Mutemwa Leprosy Settlement Clinic
Mashonaland East	Mutoko	me Nyadire Mission Hospital
Mashonaland East	Mutoko	me Nyadire Rural Health Centre
Mashonaland East	Mutoko	me Nyamuzizi Rural Health Centre
Mashonaland East	Mutoko	me Nyamuzuwe Rural Hospital
Mashonaland East	Mutoko	me Nzira Rural Health Centre
Mashonaland East	Seke	me Acton Reynolds Rural Health Centre
Mashonaland East	Seke	me Beatrice Rural Hospital
Mashonaland East	Seke	me Charakupa Clinic
Mashonaland East	Seke	Epworth Mission Clinic
Mashonaland East	Seke	Epworth Polyclinic
Mashonaland East	Seke	me Jonasi Clinic
Mashonaland East	Seke	me Kunaka Hospital
Mashonaland East	Seke	me Lanark Clinic
Mashonaland East	Seke	me Makanyazingwa Clinic
Mashonaland East	Seke	me Marirangwe Clinic
Mashonaland East	Seke	me Masasa Rural Health Centre
Mashonaland East	Seke	me Muda Clinic
Mashonaland East	Seke	Overspill Clinic
Mashonaland East	Seke	me Ringa Rural Health Centre
Mashonaland East	Seke	Wheelerdale Clinic
Mashonaland East	Seke	me Zhakata Rural Health Centre
Mashonaland East	Uzumba Maramba Pfungwe	me Borera Clinic
Mashonaland East	Uzumba Maramba Pfungwe	me Chikuhwa Clinic
Mashonaland East	Uzumba Maramba Pfungwe	me Chipfunde Clinic
Mashonaland East	Uzumba Maramba Pfungwe	me Chitimbe Clinic
Mashonaland East	Uzumba Maramba Pfungwe	me Chitsungo Clinic
Mashonaland East	Uzumba Maramba Pfungwe	me Dewe Council Clinic
Mashonaland East	Uzumba Maramba Pfungwe	me Dindi Clinic
Mashonaland East	Uzumba Maramba Pfungwe	me Hombiro Clinic
Mashonaland East	Uzumba Maramba Pfungwe	me Kafura Rural Health Centre
Mashonaland East	Uzumba Maramba Pfungwe	me Karimbika Rural Health Centre
Mashonaland East	Uzumba Maramba Pfungwe	me Manyika Clinic
Mashonaland East	Uzumba Maramba Pfungwe	me Maramba Clinic
Mashonaland East	Uzumba Maramba Pfungwe	me Marembera Rural Health Centre
Mashonaland East	Uzumba Maramba Pfungwe	me Mashambanhaka Clinic
Mashonaland East	Uzumba Maramba Pfungwe	me Muskwe Clinic
Mashonaland East	Uzumba Maramba Pfungwe	me Nhakiwa Clinic
Mashonaland East	Uzumba Maramba Pfungwe	me Nyagande clinic
Mashonaland East	Uzumba Maramba Pfungwe	me Nyakasoro Clinic
Mashonaland East	Uzumba Maramba Pfungwe	me Nyanzou Clinic
Mashonaland East	Uzumba Maramba Pfungwe	me Sowa Rural Health Centre
Mashonaland East	Uzumba Maramba Pfungwe	me Tsokodeka clinic
Mashonaland West	Mhondoro	mw Battlefieds clinic
Mashonaland West	Mhondoro	Bumbe - 100101 - Rural Health Centre
Mashonaland West	Mhondoro	Bururu - 100105 - Council Clinic
Mashonaland West	Mhondoro	Chingondo - 100229 - Clinic
Mashonaland West	Mhondoro	mw Cuba RDC Clinic
Mashonaland West	Mhondoro	mw Donain Rural Health Centre
Mashonaland West	Mhondoro	Dondoshava - 100406 - Clinic
Mashonaland West	Mhondoro	Gavhunga - 100496 - Clinic
Mashonaland West	Mhondoro	Mafindifindi - 100818 - Council Clinic
Mashonaland West	Mhondoro	Manyewe - 100878 - Council Clinic
Mashonaland West	Mhondoro	Manyoni - 100881 - Council Clinic
Mashonaland West	Mhondoro	Mukarati - 101092 - Council Clinic
Mashonaland West	Mhondoro	Murambwa - 101125 - Council clinic
Mashonaland West	Mhondoro	Muzvezve - 101191 - Gvt Clinic
Mashonaland West	Mhondoro	Ngezi - 101251 - Rural Hosp
Mashonaland West	Mhondoro	Ngezi -101858 -Trauma Centre
Mashonaland West	Mhondoro	Turf - 101719 - Council Clinic
Mashonaland West	Mhondoro	Twin Tops - 101722 - Clinic
Mashonaland West	Kariba	mw Chalala RDC Clinic
Mashonaland West	Kariba	mw Gache-Gache Rural Health Centre
Mashonaland West	Kariba	mw Kanyati Rural Health Centre
Mashonaland West	Kariba	mw Kasvisva RDC Clinic
Mashonaland West	Kariba	mw Mahombekombe Clinic
Mashonaland West	Kariba	mw Mayovhe RDC clinic
Mashonaland West	Kariba	mw Mola Clinic
Mashonaland West	Kariba	mw Msampakaruma RDC Clinic
Mashonaland West	Kariba	mw Negande Rural Health Centre
Mashonaland West	Kariba	mw Nyamhunga (kab) Clinic
Mashonaland West	Kariba	mw Siyakobvu rural hospital
Masvingo	Bikita	mv Bikita Minerals Clinic
Masvingo	Bikita	mv Bikita Rural Hospital
Masvingo	Bikita	mv Chikuku Rural Hospital
Masvingo	Bikita	mv Chirorwe Rural Health Centre
Masvingo	Bikita	mv Chitasa Clinic
Masvingo	Bikita	mv Dewure I Rural Health Centre
Masvingo	Bikita	mv Dewure II Rural Health Centre
Masvingo	Bikita	mv Gangare Rural Health Centre
Masvingo	Bikita	mv Gava Rural Health Centre
Masvingo	Bikita	mv Hozvi Clinic
Masvingo	Bikita	mv Mandara Clinic
Masvingo	Bikita	mv Marozva Clinic
Masvingo	Bikita	mv Mashoko Mission Hospital
Masvingo	Bikita	mv Mukanga Rural Health Centre
Masvingo	Bikita	mv Mukore Rural Health Centre
Masvingo	Bikita	mv Mungezi Rural Health Centre
Masvingo	Bikita	mv Murwira Clinic
Masvingo	Bikita	mv Mutikizizi Rural Health Centre
Masvingo	Bikita	mv Muvava Clinic
Masvingo	Bikita	mv Negovani Clinic
Masvingo	Bikita	mv Ngorima Rural Health Centre
Masvingo	Bikita	mv Nyika Rural Health Centre
Masvingo	Bikita	mv Odzi Clinic
Masvingo	Bikita	mv Ruponeso Clinic
Masvingo	Bikita	Silveira Mission Hospital
Matabeleland North	Binga	mn Chibila Clinic
Matabeleland North	Binga	mn Chinego Rural Health Centre
Matabeleland North	Binga	mn Chipale Clinic
Matabeleland North	Binga	mn Chisizya Clinic
Matabeleland North	Binga	mn Chunga Rural Health Centre
Matabeleland North	Binga	mn Kariyangwe Mission Hospital
Matabeleland North	Binga	mn Lubimbi Rural Health Centre
Matabeleland North	Binga	mn Lusulu Rural Health Centre
Matabeleland North	Binga	mn Malaliya Clinic
Matabeleland North	Binga	mn Muchesu Rural Health Centre
Matabeleland North	Binga	mn Pashu Clinic
Matabeleland North	Binga	mn Siabuwa Rural Hospital
Matabeleland North	Binga	Siabuzuba Clinic
Matabeleland North	Binga	mn Siadindi Rural Health Centre
Matabeleland North	Binga	mn Siansundu Rural Health Centre
Matabeleland North	Binga	Sikajaya Andrew Clinic
Matabeleland North	Binga	mn Simatelele Rural Health Centre
Matabeleland North	Binga	mn Sinakoma Clinic
Matabeleland North	Binga	Sinamusanga Clinic
Matabeleland North	Binga	mn Sinansengwe Clinic
Matabeleland North	Binga	mn Tinde Clinic
Matabeleland North	Binga	ZPS Clinic
Matabeleland North	Binga	ZRP Clinic
Matabeleland North	Hwange	mn Chinotimba Clinic
Matabeleland North	Hwange	mn Chisuma RHC
Matabeleland North	Hwange	mn Dete RHC
Matabeleland North	Hwange	mn Dinde RHC
Matabeleland North	Hwange	mn Empumalanga Clinic
Matabeleland North	Hwange	mn Hwange Colliery Hospital
Matabeleland North	Hwange	mn Jambezi RHC
Matabeleland North	Hwange	mn Kamativi RHC
Matabeleland North	Hwange	mn Kanywambizi RHC
Matabeleland North	Hwange	mn Lukosi Rural Hospital
Matabeleland North	Hwange	mn Lukunguni Clinic
Matabeleland North	Hwange	mn Lupote Clinic
Matabeleland North	Hwange	mn Mabale Clinic
Matabeleland North	Hwange	mn Main Camp Clinic
Matabeleland North	Hwange	mn Milonga Rural Health Center
Matabeleland North	Hwange	mn Mwakandara Rural Health Centre
Matabeleland North	Hwange	mn Mwemba Rural Health Centre
Matabeleland North	Hwange	mn Ndlovu Clinic
Matabeleland North	Hwange	mn No 1 Clinic
Matabeleland North	Hwange	mn NO 2 CLINIC
Matabeleland North	Hwange	mn NO 3 CLINIC
Matabeleland North	Hwange	mn NO 5 CLINIC
Matabeleland North	Hwange	mn Sidinda Rural Health Center
Matabeleland North	Hwange	mn Simangane Clinic
Matabeleland North	Hwange	mn Songwa RHC
Matabeleland North	Hwange	mn St Patricks Mission Hospital
Matabeleland North	Hwange	mn Zesa Chibondo Clinic
Matabeleland North	Hwange	mn ZESA Ingagula Clinic
Matabeleland South	Mangwe	Bango - 100042 - Clinic
Matabeleland South	Mangwe	Embakwe - 100444 - Mission Hospital
Matabeleland South	Mangwe	Empandeni - 100445 - Clinic
Matabeleland South	Mangwe	Ingwizi - 100639 - Clinic
Matabeleland South	Mangwe	Macingwana RHC
Matabeleland South	Mangwe	Matshinge - 100961 - Rural Health Centre
Matabeleland South	Mangwe	Ndolwane - 101213 - Rural Health Centre
Matabeleland South	Mangwe	Ntoli - 101303 - Rural Health Centre
Matabeleland South	Mangwe	St. Annes Brunapeg - 101642 - Mission Hospital
Midlands	Chirumhanzu	mi Chengwena Clinic
Midlands	Chirumhanzu	mi Chilimanzi Rural Hospital
Midlands	Chirumhanzu	mi Chizhou Clinic
Midlands	Chirumhanzu	mi Denhere Clinic
Midlands	Chirumhanzu	mi Doroguru Clinic
Midlands	Chirumhanzu	mi Guramatunhu Clinic
Midlands	Chirumhanzu	mi Hama Clinic
Midlands	Chirumhanzu	mi Holy Cross Mission Hospital
Midlands	Chirumhanzu	mi Lalapanzi Clinic
Midlands	Chirumhanzu	mi Lynwood Clinic
Midlands	Chirumhanzu	mi Mapiravana Clinic
Midlands	Chirumhanzu	mi Musena Rural Health Centre
Midlands	Chirumhanzu	mi Muvonde Mission Hospital
Midlands	Chirumhanzu	mi Nyautonge Rural Health Centre
Midlands	Chirumhanzu	mi Nyikavanhu Clinic
Midlands	Chirumhanzu	mi Siyahokwe Clinic
Midlands	Chirumhanzu	mi St Theresa Mission Hospital
Midlands	Chirumhanzu	mi Tokwe 4 Clinic
Midlands	Gokwe North	mi Burure Clinic
Midlands	Gokwe North	mi Chireya Mission Hospital
Midlands	Gokwe North	mi Chirisa Clinic
Midlands	Gokwe North	mi Denda Clinic
Midlands	Gokwe North	Dr Auxillia Mnangagwa Clinic
Midlands	Gokwe North	mi Gandavaroyi Clinic
Midlands	Gokwe North	mi Goredema Clinic
Midlands	Gokwe North	mi Gumunyu Clinic
Midlands	Gokwe North	mi Kadzidirire Rural Health Centre
Midlands	Gokwe North	mi Kahobo Clinic
Midlands	Gokwe North	mi Kuwirirana Clinic
Midlands	Gokwe North	mi Madzivazvido Rural Health Centre
Midlands	Gokwe North	mi Mashame Rural Health Centre
Midlands	Gokwe North	Masosoni Clinic
Midlands	Gokwe North	mi Murunguziva Clinic
Midlands	Gokwe North	mi Musadzi Rural Health Centre
Midlands	Gokwe North	mi Mutora Mission Hospital
Midlands	Gokwe North	mi Nenyunga Clinic
Midlands	Gokwe North	mi Norah Rural Health Centre
Midlands	Gokwe North	mi Nyamatsito Clinic
Midlands	Gokwe North	mi Nyaurungwe Clinic
Midlands	Gokwe North	mi Rubatsiro Clinic
Midlands	Gokwe North	mi Simchembu Rural Health Centre
Midlands	Gokwe North	mi Tsungai Rural Health Centre
Midlands	Gokwe North	mi Vumba Clinic
Midlands	Gokwe North	mi Zhomba Clinic
Midlands	Gokwe North	mi Zumba Clinic
Midlands	Gokwe North	mi Zvanaka Clinic
Midlands	Shurugwi	mi Banga Clinic
Midlands	Shurugwi	mi Chikato Rural Health Centre
Midlands	Shurugwi	mi Chironde Rural Health Centre
Midlands	Shurugwi	mi Chitora Rural Health Centre
Midlands	Shurugwi	Chrome Mine Hospital
Midlands	Shurugwi	mi Dorset Rural Health Centre
Midlands	Shurugwi	mi Golden Quarry Mine Clinic
Midlands	Shurugwi	mi Gundura Clinic
Midlands	Shurugwi	mi Gwanza Rural Health Centre
Midlands	Shurugwi	mi Hanke Clinic
Midlands	Shurugwi	mi Jobolinko Clinic
Midlands	Shurugwi	mi Makusha Clinic
Midlands	Shurugwi	mi Marishongwe Rural Health Centre
Midlands	Shurugwi	mi Mazibisa Clinic
Midlands	Shurugwi	mi Nhema Clinic
Midlands	Shurugwi	mi Pakame Clinic
Midlands	Shurugwi	mi Rockford Clinic
Midlands	Shurugwi	mi Ruchanyu Clinic
Midlands	Shurugwi	mi Rusike Rural Health Centre
Midlands	Shurugwi	mi Svika Rural Health Centre
Midlands	Shurugwi	mi Tana Rural Health Centre
Midlands	Shurugwi	mi Tokwe Clinic
Midlands	Shurugwi	mi Tongogara Clinic
Midlands	Shurugwi	mi Zhaugwe Rural Health Centre
Midlands	Shurugwi	mi Zvamabande Rural Hospital
Midlands	Shurugwi	mi Zvarota Rural Health Centre
Midlands	Shurugwi	mi Zviumwa RDC clinic
Midlands	Zvishavane	mi Chirere Clinic
Midlands	Zvishavane	mi Dambudzo Clinic
Midlands	Zvishavane	mi Dayataya RHC Clinic
Midlands	Zvishavane	mi Gudo Clinic
Midlands	Zvishavane	mi Lundi Rural Hospital
Midlands	Zvishavane	mi Mabasa Clinic
Midlands	Zvishavane	mi Maketo Rural Health Centre
Midlands	Zvishavane	mi Mandava Health Centre
Midlands	Zvishavane	mi Mapanzure Clinic
Midlands	Zvishavane	mi Marira Clinic
Midlands	Zvishavane	mi Matenda Rural Health Centre
Midlands	Zvishavane	mi Mhondongori Rural Health Centre
Midlands	Zvishavane	mi Mimosa Clinic
Midlands	Zvishavane	mi Mrowa Clinic
Midlands	Zvishavane	mi Mtambi Clinic
Midlands	Zvishavane	mi Sabi Mine Clinic
Midlands	Zvishavane	mi Shabani Mine Hospital
Midlands	Zvishavane	mi Vugwi Rural Health Centre
Midlands	Zvishavane	mi Vukuzenzele Rural Health Centre
Midlands	Zvishavane	mi Welezi Clinic
Midlands	Zvishavane	ZPCS Clinic
Midlands	Zvishavane	ZRP Clinic
Manicaland	Chimanimani	ma Chiramba Rural Health Centre
Manicaland	Chimanimani	ma Hangani RDC
Manicaland	Chimanimani	ma Hotsprings RDC
Manicaland	Chimanimani	ma Martin Forest Clinic
Manicaland	Nyanga	ma Mukunza Clinic
Mashonaland Central	Bindura	mc Bindura ZRP Clinic
Mashonaland Central	Bindura	mc Muyambuka Clinic
Mashonaland Central	Bindura	mc Tarlington Clinic
Mashonaland Central	Centenary	mc Always Clinic
Mashonaland Central	Centenary	mc Chadereka Rural Health Centre
Mashonaland Central	Centenary	mc Chawarura Rural Health Centre
Mashonaland Central	Centenary	mc Chidikamwedzi Clinic
Mashonaland Central	Centenary	mc Chinyani Clinic
Mashonaland Central	Centenary	mc Dambakurima Clinic
Mashonaland Central	Centenary	mc David Nelson Clinic
Mashonaland Central	Centenary	mc Hoya Rural Health Centre
Mashonaland Central	Centenary	mc Hwata Clinic
Mashonaland Central	Centenary	mc Machaya Rural Health Centre
Mashonaland Central	Centenary	mc Muzarabani Rural Health Centre
Mashonaland Central	Centenary	mc Nyamaridza Clinic
Mashonaland Central	Centenary	mc Range Clinic
Mashonaland Central	Rushinga	mc Chomutukutu
Mashonaland Central	Rushinga	mc Nyatsato Clinic
Mashonaland Central	Shamva	mc Chevakadzi Clinic
Mashonaland Central	Shamva	mc CZA Clinic
Mashonaland Central	Shamva	mc Mhokore Clinic
Mashonaland Central	Shamva	mc Mupfure Clinic
Mashonaland Central	Bindura	mc ZPS Bindura Prison Clinic
Mashonaland East	Chikomba	me Chivhu ZRP Clinic
Mashonaland East	Chikomba	me Kadungure Clinic
Mashonaland East	Chikomba	me Mpatsi Clinic
Mashonaland East	Chikomba	me St Francis of Assisi Mission Clinic
Mashonaland East	Chikomba	me ZPS Chivhu Prison Clinic
Mashonaland East	Hwedza	me Madzimbabwe Clinic
Mashonaland East	Hwedza	me Tillita Clinic
Mashonaland East	Mudzi	me Chimango Clinic
Mashonaland East	Mudzi	me Chingwena Clinic
Mashonaland East	Mudzi	me Muzezuru Grace Life Clinic
Mashonaland East	Mutoko	me Bepeta Rural Health Centre
Mashonaland East	Mutoko	me Bondamakara Clinic
Mashonaland East	Mutoko	me Chisambiro RHC
Mashonaland East	Mutoko	me Gurure Clinic
Mashonaland East	Mutoko	me ZN Army Camp Clinic Mutoko
Mashonaland East	Mutoko	me ZPS Mutoko Prison Clinic
Mashonaland East	Seke	me Bwoni Clinic
Mashonaland East	Seke	me Derbyshire Clinic
Midlands	Chirumhanzu	mi Chimbindi Rural Health Centre
Midlands	Chirumhanzu	mi Hwata Clinic
Midlands	Chirumhanzu	mi Mudzengi Clinic
Midlands	Shurugwi	mi Chikwingwizha Mission Hospital
Midlands	Shurugwi	mi Gamwa RDC
Midlands	Shurugwi	mi Munikwa Clinic
Midlands	Shurugwi	mi Sebanga Polyclinic
Midlands	Shurugwi	mi Shurugwi Impali Private Hospital
Midlands	Shurugwi	mi Totonga Clinic
Midlands	Zvishavane	mi Dadaya Training Centre Clinic
Midlands	Zvishavane	mi ZPS Zvishavane Prison Clinic
Midlands	Zvishavane	mi Zvishavane ZRP Clinic
Matabeleland North	Binga	mn Siabuzuba Rural Health Centre
Matabeleland North	Binga	mn Sikajaya Andrew Muntanga Clinic
Matabeleland North	Binga	mn ZPS Binga Prison Clinic
Matabeleland South	Mangwe	ms Bango Rural Health Centre
Matabeleland South	Mangwe	ms Embakwe Mission Clinic
Matabeleland South	Mangwe	ms Empandeni Mission Clinic
Matabeleland South	Mangwe	ms Ingwizi Rural Health Centre
Matabeleland South	Mangwe	ms Izimnyama Clinic
Matabeleland South	Mangwe	ms Macingwana
Matabeleland South	Mangwe	ms Plumtree Border Post Clinic
Matabeleland South	Mangwe	ms St Annes Mission Hospital (Brunapeg)
Masvingo	Bikita	mv Chibvure
Masvingo	Bikita	mv Mupamaonde clinic
Masvingo	Bikita	mv Shumbaimwe Clinic
Masvingo	Bikita	mv ZRP Bikita Clinic
Mashonaland West	Mhondoro	mw Bururu RDC Clinic
Mashonaland West	Mhondoro	mw Chingondo RDC Clinic
Mashonaland West	Mhondoro	mw Dondoshava Rural Health Centre
Mashonaland West	Mhondoro	Mw Gavhunga RDC
Mashonaland West	Mhondoro	Mw Gweshe RDC
Mashonaland West	Mhondoro	mw Jondale Bumbe Rural Health Centre
Mashonaland West	Mhondoro	mw Mafindifindi RDC Clinic
Mashonaland West	Mhondoro	mw Manyewe RDC Clinic
Mashonaland West	Mhondoro	mw Manyoni Rural Health Centre
Mashonaland West	Mhondoro	mw Mukarati RDC Clinic
Mashonaland West	Mhondoro	mw Murambwa RDC Clinic
Mashonaland West	Mhondoro	mw Muzvezve Rural Health Centre
Mashonaland West	Mhondoro	mw Ngezi (mhondoro) Rural Hospital
Mashonaland West	Mhondoro	mw Turf Estate RDC Clinic
Mashonaland West	Mhondoro	mw Twintops RDC Clinic
Mashonaland West	Mhondoro	mw Zimplats Trauma Centre Private Clinic
