Province,District,Site
bu Bulawayo,bu Bulawayo,bu Bulawayo Family Health Clinic
bu Bulawayo,bu Bulawayo,bu CIMAS
bu Bulawayo,bu Bulawayo,bu Cowdray Park Clinic
bu Bulawayo,bu Bulawayo,bu Dr Shennan Clinic
bu Bulawayo,bu Bulawayo,bu EF Watson Clinic
bu Bulawayo,bu Bulawayo,bu Emakhandeni Clinic
bu Bulawayo,bu Bulawayo,bu Emganwini Clinic
bu Bulawayo,bu Bulawayo,bu Entumbane Clinic
bu Bulawayo,bu Bulawayo,bu Ingutsheni Central Hospital
bu Bulawayo,bu Bulawayo,bu Khami - Ceshhar Clinic
bu Bulawayo,bu Bulawayo,bu Khami Road Clinic
bu Bulawayo,bu Bulawayo,bu Lister House - Zimbabwe National Family Planning Services (ZNFPS)
bu Bulawayo,bu Bulawayo,bu Luveve Clinic
bu Bulawayo,bu Bulawayo,bu Magwegwe Clinic
bu Bulawayo,bu Bulawayo,bu Mahatshula Clinic 
bu Bulawayo,bu Bulawayo,bu Maqhawe Clinic
bu Bulawayo,bu Bulawayo,bu Maternal and Child Health Centre
bu Bulawayo,bu Bulawayo,bu Mpilo Central Hospital
bu Bulawayo,bu Bulawayo,bu Mpilo ZNFPC Clinic
bu Bulawayo,bu Bulawayo,bu Mzilikazi Clinic
bu Bulawayo,bu Bulawayo,bu Njube Clinic
bu Bulawayo,bu Bulawayo,bu Nketa Clinic
bu Bulawayo,bu Bulawayo,bu Nkulumane Clinic
bu Bulawayo,bu Bulawayo,bu Northern Suburbs Clinic
bu Bulawayo,bu Bulawayo,bu NRZ
bu Bulawayo,bu Bulawayo,bu Pelandaba Clinic
bu Bulawayo,bu Bulawayo,bu Princess Margaret Clinic
bu Bulawayo,bu Bulawayo,bu PSI New Start Clinic
bu Bulawayo,bu Bulawayo,bu Pumula Clinic
bu Bulawayo,bu Bulawayo,bu Pumula South Clinic
bu Bulawayo,bu Bulawayo,bu Tshabalala Clinic
bu Bulawayo,bu Bulawayo,bu United Bulawayo Hospital
bu Bulawayo,bu Bulawayo,bu ZPS Bulawayo Prison Clinic
bu Bulawayo,bu Bulawayo,bu ZRP Rosecamp Clinic
bu Bulawayo,bu Bulawayo,bu Cowdray Park Health Centre
ha Harare  ,ha Chitungwiza ,ha Chitungwiza Central Hospital
ha Harare  ,ha Chitungwiza ,ha Chitungwiza New Start Centre Town Centre
ha Harare  ,ha Chitungwiza ,ha Seke North Clinic
ha Harare  ,ha Chitungwiza ,ha Seke South Clinic
ha Harare  ,ha Chitungwiza ,ha South Medical Hospital
ha Harare  ,ha Chitungwiza ,ha St Mary's Clinic
ha Harare  ,ha Chitungwiza ,ha Zengeza Clinic
ha Harare  ,ha Epworth ,ha Epworth Mission Clinic
ha Harare  ,ha Epworth ,ha Epworth Polyclinic
ha Harare  ,ha Epworth ,ha Overspill Clinic
ha Harare  ,ha Harare ,ha Avondale Clinic
ha Harare  ,ha Harare ,ha Beatrice Road Hospital
ha Harare  ,ha Harare ,ha Belvedere Satellite Clinic
ha Harare  ,ha Harare ,ha Borrowdale Clinic
ha Harare  ,ha Harare ,ha Braeside FHS Clinic
ha Harare  ,ha Harare ,ha Budiriro Poly
ha Harare  ,ha Harare ,ha Budiriro Satellite Clinic
ha Harare  ,ha Harare ,ha Eastley FHS Clinic
ha Harare  ,ha Harare ,ha Fife Avenue Clinic
ha Harare  ,ha Harare ,ha Giovanni Spagnolli Clinic
ha Harare  ,ha Harare ,ha Glen Norah Satellite Clinic
ha Harare  ,ha Harare ,ha Glen View Maternity Home
ha Harare  ,ha Harare ,ha Glen View Poly
ha Harare  ,ha Harare ,ha Glen View Satellite Clinic
ha Harare  ,ha Harare ,ha Greendale FHS Clinic
ha Harare  ,ha Harare ,ha Hatcliffe Poly
ha Harare  ,ha Harare ,ha Hatfield Clinic
ha Harare  ,ha Harare ,ha Highfield Poly
ha Harare  ,ha Harare ,ha Highlands FHS Clinic
ha Harare  ,ha Harare ,ha Highlands Primary Care Clinic
ha Harare  ,ha Harare ,ha Hopley
ha Harare  ,ha Harare ,ha Kambuzuma
ha Harare  ,ha Harare ,ha Kuwadzana Phase 4 Clinic
ha Harare  ,ha Harare ,ha Kuwadzana PolyClinic
ha Harare  ,ha Harare ,ha Mabelreign Satellite Clinic
ha Harare  ,ha Harare ,ha Mabvuku Poly
ha Harare  ,ha Harare ,ha Mabvuku Satellite
ha Harare  ,ha Harare ,ha Marlborough Satellite Clinic
ha Harare  ,ha Harare ,ha Mashambanzou Care Trust Hospital 
ha Harare  ,ha Harare ,ha Matapi Clinic
ha Harare  ,ha Harare ,ha Mbare Hostel CeSHHAR  Sisters' Clinic
ha Harare  ,ha Harare ,ha Mbare Hostels Clinic
ha Harare  ,ha Harare ,ha Mbare PolyClinic
ha Harare  ,ha Harare ,ha Mount Pleasant Clinic
ha Harare  ,ha Harare ,ha Mufakose FHS
ha Harare  ,ha Harare ,ha Mufakose Poly
ha Harare  ,ha Harare ,ha Newlands Clinic
ha Harare  ,ha Harare ,ha Parirenyatwa Clinic
ha Harare  ,ha Harare ,ha Parirenyatwa Group of Hospitals
ha Harare  ,ha Harare ,"ha PSI New start Centre, Kwame"
ha Harare  ,ha Harare ,ha Queen of Peace
ha Harare  ,ha Harare ,ha Rujeko Poly
ha Harare  ,ha Harare ,ha Rutsanana Poly
ha Harare  ,ha Harare ,ha Sally Mugabe Central Hospital OPD
ha Harare  ,ha Harare ,ha Sally Mugabe Central Hospital Paediatric
ha Harare  ,ha Harare ,ha Southerton Clinic
ha Harare  ,ha Harare ,ha Spilhaus
ha Harare  ,ha Harare ,ha Stoneridge Hospital
ha Harare  ,ha Harare ,ha Sunningdale Clinic
ha Harare  ,ha Harare ,ha Tafara FHS Clinic
ha Harare  ,ha Harare ,ha Warren Park PolyClinic
ha Harare  ,ha Harare ,ha Waterfalls Clinic
ha Harare  ,ha Harare ,ha Western Triangle Clinic
ha Harare  ,ha Harare ,ha Wilkins Infectious Diseases Hospital
ha Harare  ,ha Harare ,ha ZPS Chikurubi Farm Prison 
ha Harare  ,ha Harare ,ha ZPS Chikurubi Female Prison Clinic
ha Harare  ,ha Harare ,ha ZPS Chikurubi Maximum Prison Hospital
ha Harare  ,ha Harare ,ha ZPS Chikurubi Maximum Prison Psychiatric
ha Harare  ,ha Harare ,ha ZPS Chikurubi Prison Dependants Clinic
ha Harare  ,ha Harare ,ha ZPS Chikurubi Prison Staff Hospital
ha Harare  ,ha Harare ,ha ZPS Harare Central Prison Dependants Clinic
ha Harare  ,ha Harare ,ha ZPS Harare Central Prison Hospital
ha Harare  ,ha Harare ,ha ZPS Harare Remand Prison 
ha Harare  ,ha Harare  ,ha Arcadia Clinic
ha Harare  ,ha Ruwa,ha Ruwa Clinic
ha Harare  ,ha Ruwa,ha Ruwa PolyClinic
ha Harare  ,ha Ruwa,ha Ruwa Rehabilitation Hospital
ma Manicaland ,ma Buhera ,ma Bangure Clinic
ma Manicaland ,ma Buhera ,ma Berenyazvizvi Clinic
ma Manicaland ,ma Buhera ,ma Betera Rural Health Centre
ma Manicaland ,ma Buhera ,ma Birchenough Bridge Hospital
ma Manicaland ,ma Buhera ,ma Buhera Rural Hospital
ma Manicaland ,ma Buhera ,ma Chabata Clinic
ma Manicaland ,ma Buhera ,ma Chapanduka Clinic
ma Manicaland ,ma Buhera ,ma Chapwanya Clinic
ma Manicaland ,ma Buhera ,ma Chawatama RHC
ma Manicaland ,ma Buhera ,ma Chimbudzi Clinic
ma Manicaland ,ma Buhera ,ma Chipondamidzi Clinic
ma Manicaland ,ma Buhera ,ma Chirozva Clinic
ma Manicaland ,ma Buhera ,ma Chiwenga Clinic
ma Manicaland ,ma Buhera ,ma Chiwese Clinic
ma Manicaland ,ma Buhera ,ma Garamwera Rural Council Clinic
ma Manicaland ,ma Buhera ,ma Gombe Clinic
ma Manicaland ,ma Buhera ,ma Gunura Clinic
ma Manicaland ,ma Buhera ,ma Maburutse Clinic
ma Manicaland ,ma Buhera ,ma Madzimbashuro Rural Health Centre
ma Manicaland ,ma Buhera ,ma Mbundire Clinic
ma Manicaland ,ma Buhera ,ma Mombeyarara Rural Health Centre
ma Manicaland ,ma Buhera ,ma Msasa RDC clinic
ma Manicaland ,ma Buhera ,ma Mudanda Clinic
ma Manicaland ,ma Buhera ,ma Mudawose Clinic
ma Manicaland ,ma Buhera ,ma Mukubu Clinic
ma Manicaland ,ma Buhera ,ma Munyanyi Clinic
ma Manicaland ,ma Buhera ,ma Murambinda Mission Hospital
ma Manicaland ,ma Buhera ,ma Murwira Rural Health Centre
ma Manicaland ,ma Buhera ,ma Mutasa Clinic
ma Manicaland ,ma Buhera ,ma Mutepfe Clinic
ma Manicaland ,ma Buhera ,ma Mutiusinazita Clinic
ma Manicaland ,ma Buhera ,ma Muzokomba Clinic
ma Manicaland ,ma Buhera ,ma Ndyarima clinic
ma Manicaland ,ma Buhera ,ma Nerutanga Clinic
ma Manicaland ,ma Buhera ,ma Nyashanu Mission Clinic
ma Manicaland ,ma Buhera ,ma Rambanepasi Clinic
ma Manicaland ,ma Buhera ,ma St Moses Chiremwa  clinic 
ma Manicaland ,ma Buhera ,ma Zangama Rural Health Centre
ma Manicaland ,ma Chimanimani ,ma Arda Rusitu Clinic
ma Manicaland ,ma Chimanimani ,ma Biriwiri Rural Hospital
ma Manicaland ,ma Chimanimani ,ma Bumba Rural Health Centre
ma Manicaland ,ma Chimanimani ,ma Chakohwa Clinic
ma Manicaland ,ma Chimanimani ,ma Changazi Rural Health Centre
ma Manicaland ,ma Chimanimani ,ma Charlsewood clinic
ma Manicaland ,ma Chimanimani ,ma Charter Clinic
ma Manicaland ,ma Chimanimani ,ma Chayamiti Rural Health Centre
ma Manicaland ,ma Chimanimani ,ma Chikukwa Rural Health Centre
ma Manicaland ,ma Chimanimani ,ma Chikwakwa Clinic
ma Manicaland ,ma Chimanimani ,ma Chikwizi Clinic
ma Manicaland ,ma Chimanimani ,ma Chimanimani Rural Hospital
ma Manicaland ,ma Chimanimani ,ma Chimanimani Urban Clinic
ma Manicaland ,ma Chimanimani ,ma Chiramba Rural Health Centre
ma Manicaland ,ma Chimanimani ,ma Chisengu Clinic
ma Manicaland ,ma Chimanimani ,ma Gudyanga Clinic
ma Manicaland ,ma Chimanimani ,ma Gwendingwe Clinic
ma Manicaland ,ma Chimanimani ,ma Hangani RDC
ma Manicaland ,ma Chimanimani ,ma Hlabiso Clinic
ma Manicaland ,ma Chimanimani ,ma Hotsprings RDC
ma Manicaland ,ma Chimanimani ,ma Martin Forest Clinic
ma Manicaland ,ma Chimanimani ,ma Mhakwe clinic
ma Manicaland ,ma Chimanimani ,ma Mhandarume clinic
ma Manicaland ,ma Chimanimani ,ma Muchadziya Rural Health Centre
ma Manicaland ,ma Chimanimani ,ma Mutambara Mission Hospital
ma Manicaland ,ma Chimanimani ,ma Mutsvangwa Clinic
ma Manicaland ,ma Chimanimani ,ma Ngorima Clinic
ma Manicaland ,ma Chimanimani ,ma Nhedziwa Clinic
ma Manicaland ,ma Chimanimani ,ma Nyabamba Clinic
ma Manicaland ,ma Chimanimani ,ma Nyahode Clinic
ma Manicaland ,ma Chimanimani ,ma Roscommon Clinic
ma Manicaland ,ma Chimanimani ,ma Runyararo Hospital
ma Manicaland ,ma Chimanimani ,ma Rusitu Mission Hospital
ma Manicaland ,ma Chimanimani ,ma Saziya clinic
ma Manicaland ,ma Chimanimani ,ma Shinja Clinic
ma Manicaland ,ma Chimanimani ,ma Tilbury Clinic
ma Manicaland ,ma Chimanimani ,ma Vimba clinic
ma Manicaland ,ma Chipinge ,ma Arda Chisumbanje Clinic
ma Manicaland ,ma Chipinge ,ma Chibuwe Clinic
ma Manicaland ,ma Chipinge ,ma Chichichi Clinic
ma Manicaland ,ma Chipinge ,ma Chikore Mission Hospital
ma Manicaland ,ma Chipinge ,ma Chinyamukwakwa Rural Health Centre
ma Manicaland ,ma Chipinge ,ma Chipangayi Clinic
ma Manicaland ,ma Chipinge ,ma Chipinge  Hospital
ma Manicaland ,ma Chipinge ,ma Chipinge Town Clinic
ma Manicaland ,ma Chipinge ,ma Chiriga Clinic
ma Manicaland ,ma Chipinge ,ma Chisuma Clinic
ma Manicaland ,ma Chipinge ,ma Clearwater Clinic
ma Manicaland ,ma Chipinge ,ma Gaza Clinic
ma Manicaland ,ma Chipinge ,ma Gumira Clinic
ma Manicaland ,ma Chipinge ,ma Gwenzi Clinic
ma Manicaland ,ma Chipinge ,ma Hwakwata Clinic
ma Manicaland ,ma Chipinge ,ma Jersey Clinic
ma Manicaland ,ma Chipinge ,ma Junction Gate Clinic
ma Manicaland ,ma Chipinge ,ma Kondo Clinic
ma Manicaland ,ma Chipinge ,ma Kopera Rural Health Centre
ma Manicaland ,ma Chipinge ,ma Lamont clinic
ma Manicaland ,ma Chipinge ,ma Mabee Rural Health Centre
ma Manicaland ,ma Chipinge ,ma Madhuku Clinic
ma Manicaland ,ma Chipinge ,ma Mahenye Rural Health Centre
ma Manicaland ,ma Chipinge ,ma Manzvire Clinic
ma Manicaland ,ma Chipinge ,ma Maparadza Clinic
ma Manicaland ,ma Chipinge ,ma Midsave Clinic
ma Manicaland ,ma Chipinge ,ma Mount Selinda Mission Hospital
ma Manicaland ,ma Chipinge ,ma Musani Clinic
ma Manicaland ,ma Chipinge ,ma Musilizwe Rural Health Centre
ma Manicaland ,ma Chipinge ,ma Muswera Rural clinic
ma Manicaland ,ma Chipinge ,ma Mutandahwe Clinic
ma Manicaland ,ma Chipinge ,ma Mutema Clinic
ma Manicaland ,ma Chipinge ,ma New Year's Gift Clinic
ma Manicaland ,ma Chipinge ,ma Ngaone Clinic
ma Manicaland ,ma Chipinge ,ma Nyunga Clinic
ma Manicaland ,ma Chipinge ,ma Paidamoyo Rural Health Centre
ma Manicaland ,ma Chipinge ,ma Ratelshoek Clinic
ma Manicaland ,ma Chipinge ,ma Rimbi Clinic
ma Manicaland ,ma Chipinge ,ma Southdown Clinic
ma Manicaland ,ma Chipinge ,ma St Peters Hospital
ma Manicaland ,ma Chipinge ,ma Tamandayi Clinic
ma Manicaland ,ma Chipinge ,ma Tanganda Rural
ma Manicaland ,ma Chipinge ,ma Tanganda Rural Health Centre
ma Manicaland ,ma Chipinge ,ma Tingamira Clinic
ma Manicaland ,ma Chipinge ,ma Tongogara Rural Health Centre
ma Manicaland ,ma Chipinge ,ma Tuzuka Clinic
ma Manicaland ,ma Chipinge ,ma Veneka Clinic
ma Manicaland ,ma Chipinge ,ma Zamuchiya Clinic
ma Manicaland ,ma Chipinge ,ma Zona Clinic
ma Manicaland ,ma Chipinge ,ma ZPS Chipinge Prison Clinic
ma Manicaland ,ma Makoni ,ma  Nzvimbe clinic
ma Manicaland ,ma Makoni ,ma Arnoldine Mission Clinic
ma Manicaland ,ma Makoni ,ma Bamba Rural Health Centre
ma Manicaland ,ma Makoni ,ma Chiduku Clinic
ma Manicaland ,ma Makoni ,ma Chikobvore Rural Health Centre
ma Manicaland ,ma Makoni ,ma Chikore Clinic
ma Manicaland ,ma Makoni ,ma Chinhenga Rural Health Centre
ma Manicaland ,ma Makoni ,ma Chinyadza Clinic
ma Manicaland ,ma Makoni ,ma Chinyika 1 Rural Health Centre
ma Manicaland ,ma Makoni ,ma Chinyika 2 Rural Health Centre
ma Manicaland ,ma Makoni ,ma Chinyudze Rural Health Centre
ma Manicaland ,ma Makoni ,ma Chitungwiza Clinic
ma Manicaland ,ma Makoni ,ma Dowa Clinic
ma Manicaland ,ma Makoni ,ma Dumbabwe Clinic
ma Manicaland ,ma Makoni ,ma Era Mine Clinic
ma Manicaland ,ma Makoni ,ma Gowakowa Rural Health Centre
ma Manicaland ,ma Makoni ,ma Groobi Spring Rural Health Centre
ma Manicaland ,ma Makoni ,ma Headlands Clinic
ma Manicaland ,ma Makoni ,ma Katsenga Rural Health Centre
ma Manicaland ,ma Makoni ,ma Mabvazuva Clinic
ma Manicaland ,ma Makoni ,ma Makoni Rural Hospital
ma Manicaland ,ma Makoni ,ma Maparura Rural Health Centre
ma Manicaland ,ma Makoni ,ma Masvosva Rural Health Centre
ma Manicaland ,ma Makoni ,ma Matotwe Rural Health Centre
ma Manicaland ,ma Makoni ,ma Matsika Clinic
ma Manicaland ,ma Makoni ,ma Maurice Nyagumbo Clinic
ma Manicaland ,ma Makoni ,ma Mavhudzi Clinic
ma Manicaland ,ma Makoni ,ma Mayo 1 Rural Health Centre
ma Manicaland ,ma Makoni ,ma Mayo 2 Rural Health Centre
ma Manicaland ,ma Makoni ,ma Mubvurungwa Clinic
ma Manicaland ,ma Makoni ,ma Mufusire Clinic
ma Manicaland ,ma Makoni ,ma Mukamba Clinic
ma Manicaland ,ma Makoni ,ma Mukuwapasi Rehab Clinic
ma Manicaland ,ma Makoni ,ma Name Clinic
ma Manicaland ,ma Makoni ,ma Nedziwa Clinic
ma Manicaland ,ma Makoni ,ma Nyahowe Rural Health Centre
ma Manicaland ,ma Makoni ,ma Nyahukwe Rural Health Centre
ma Manicaland ,ma Makoni ,ma Nyamidzi Clinic
ma Manicaland ,ma Makoni ,ma Nyamukamani Rural Health Centre
ma Manicaland ,ma Makoni ,ma Nyamusosa Clinic
ma Manicaland ,ma Makoni ,ma Nyazura Clinic
ma Manicaland ,ma Makoni ,ma Nyazura Mission Clinic
ma Manicaland ,ma Makoni ,ma Ringanayi Clinic
ma Manicaland ,ma Makoni ,ma Rukweza Clinic
ma Manicaland ,ma Makoni ,ma Rusape  Hospital
ma Manicaland ,ma Makoni ,ma Sangano Clinic
ma Manicaland ,ma Makoni ,ma St Michael's Tanda Mission Hospital
ma Manicaland ,ma Makoni ,ma St Therese's Mission Hospital
ma Manicaland ,ma Makoni ,ma Tandi Clinic
ma Manicaland ,ma Makoni ,ma Toriro Clinic
ma Manicaland ,ma Makoni ,ma Tsanzaguru Clinic
ma Manicaland ,ma Makoni ,ma Tsikada Rural Health Center
ma Manicaland ,ma Makoni ,ma Vengere Clinic
ma Manicaland ,ma Makoni ,ma Weya Rural Hospital
ma Manicaland ,ma Makoni ,ma ZPS Little Kraal Prison Clinic
ma Manicaland ,ma Makoni ,ma Zunhidza Clinic
ma Manicaland ,ma Mutare ,ma Arda Odzi Clinic
ma Manicaland ,ma Mutare ,ma Bakorenhema Clinic
ma Manicaland ,ma Mutare ,ma Bezely Bridge Clinic
ma Manicaland ,ma Mutare ,ma Burma Valley Clinic
ma Manicaland ,ma Mutare ,ma Bwizi Rural Health Centre
ma Manicaland ,ma Mutare ,ma Chikanga
ma Manicaland ,ma Mutare ,ma Chikwariro Clinic
ma Manicaland ,ma Mutare ,ma Chinyamazizi Clinic
ma Manicaland ,ma Mutare ,ma Chipendeke Clinic
ma Manicaland ,ma Mutare ,ma Chipfatsura Clinic
ma Manicaland ,ma Mutare ,ma Chishingwi Clinic
ma Manicaland ,ma Mutare ,ma Chitaka Clinic
ma Manicaland ,ma Mutare ,ma Chitakatira Clinic
ma Manicaland ,ma Mutare ,ma Chitora Clinic
ma Manicaland ,ma Mutare ,ma Dangamvura
ma Manicaland ,ma Mutare ,ma Dora Clinic
ma Manicaland ,ma Mutare ,ma Fern Valley Clinic
ma Manicaland ,ma Mutare ,ma Florida Clinic
ma Manicaland ,ma Mutare ,ma Forbes Boarder
ma Manicaland ,ma Mutare ,ma Forbes Boarder CeSHHAR Mobile Sister's clinic
ma Manicaland ,ma Mutare ,ma Forbes Boarder Clinic
ma Manicaland ,ma Mutare ,ma Gimboki Clinic
ma Manicaland ,ma Mutare ,ma Gutaurare Rural Health Centre
ma Manicaland ,ma Mutare ,ma Gwindingwi Rural Health Centre
ma Manicaland ,ma Mutare ,ma Hob House
ma Manicaland ,ma Mutare ,ma Leekuil Takunda Clinic
ma Manicaland ,ma Mutare ,ma Madanga Clinic
ma Manicaland ,ma Mutare ,ma Mambwere Clinic
ma Manicaland ,ma Mutare ,ma Marange Rural Hospital
ma Manicaland ,ma Mutare ,ma Masasi Clinic
ma Manicaland ,ma Mutare ,ma Matanda Clinic
ma Manicaland ,ma Mutare ,ma Mavhiza Clinic
ma Manicaland ,ma Mutare ,ma Mkwada Clinic
ma Manicaland ,ma Mutare ,ma Mount Zuma Clinic
ma Manicaland ,ma Mutare ,ma Munyarari Clinic
ma Manicaland ,ma Mutare ,ma Muromo Rural Health Centre
ma Manicaland ,ma Mutare ,ma Mushunje Clinic
ma Manicaland ,ma Mutare ,ma Mutare  Health
ma Manicaland ,ma Mutare ,ma New Start Centre
ma Manicaland ,ma Mutare ,ma Nyagundi Rural Health Centre
ma Manicaland ,ma Mutare ,ma Nyamazura Rural Health Centre
ma Manicaland ,ma Mutare ,ma Nzvenga Clinic
ma Manicaland ,ma Mutare ,ma Odzi Clinic
ma Manicaland ,ma Mutare ,ma Rowa Clinic
ma Manicaland ,ma Mutare ,ma Sakubva
ma Manicaland ,ma Mutare ,ma Sakubva  Hospital
ma Manicaland ,ma Mutare ,ma St Andrew's Mission Hospital
ma Manicaland ,ma Mutare ,ma St Josephs' Mission Hospital
ma Manicaland ,ma Mutare ,ma St Werburghs Clinic
ma Manicaland ,ma Mutare ,ma Victoria Chitepo Provincial Hospital
ma Manicaland ,ma Mutare ,ma Vumba Clinic
ma Manicaland ,ma Mutare ,ma Zimunya Clinic
ma Manicaland ,ma Mutare ,ma ZPS Mutare Prison Farm Clinic
ma Manicaland ,ma Mutare ,ma Zumbare Clinic
ma Manicaland ,ma Mutare ,ma Zvipiripiri Rural Health Centre
ma Manicaland ,ma Mutasa ,ma Bonda Mission Hospital
ma Manicaland ,ma Mutasa ,ma Chavhanga Rural Health Centre
ma Manicaland ,ma Mutasa ,ma Chinaka Health Post
ma Manicaland ,ma Mutasa ,ma Chinamasa Clinic
ma Manicaland ,ma Mutasa ,ma Chitombo Clinic
ma Manicaland ,ma Mutasa ,ma Drenane Clinic
ma Manicaland ,ma Mutasa ,ma Eastern Highlands Plantation Clinic
ma Manicaland ,ma Mutasa ,ma Gatsi Mission Clinic
ma Manicaland ,ma Mutasa ,ma Guta Clinic
ma Manicaland ,ma Mutasa ,ma Haparari Clinic
ma Manicaland ,ma Mutasa ,ma Hauna Clinic
ma Manicaland ,ma Mutasa ,ma Hauna  Hospital
ma Manicaland ,ma Mutasa ,ma Hawling health post
ma Manicaland ,ma Mutasa ,ma Honde Mission Clinic
ma Manicaland ,ma Mutasa ,ma Imbeza Clinic
ma Manicaland ,ma Mutasa ,ma Jombe Clinic
ma Manicaland ,ma Mutasa ,ma Katiyo Tea Estate Clinic
ma Manicaland ,ma Mutasa ,ma Kubatana health post
ma Manicaland ,ma Mutasa ,ma Magadzire health post 
ma Manicaland ,ma Mutasa ,ma Mandeya II Clinic
ma Manicaland ,ma Mutasa ,ma Mapara Clinic
ma Manicaland ,ma Mutasa ,ma Mpotedzi Clinic
ma Manicaland ,ma Mutasa ,ma Mt Jenya Clinic
ma Manicaland ,ma Mutasa ,ma Mutasa Clinic
ma Manicaland ,ma Mutasa ,ma Mwoyoweshumba Clinic
ma Manicaland ,ma Mutasa ,ma Ngarura Clinic
ma Manicaland ,ma Mutasa ,ma Nyamukwarara RDC Clinic
ma Manicaland ,ma Mutasa ,ma Old Mutare Mission Hospital
ma Manicaland ,ma Mutasa ,ma Premier Central Clinic
ma Manicaland ,ma Mutasa ,ma Redwing Clinic
ma Manicaland ,ma Mutasa ,ma Rupinda Rural Health Centre
ma Manicaland ,ma Mutasa ,ma Sachisuko Clinic
ma Manicaland ,ma Mutasa ,ma Sadziwa Clinic
ma Manicaland ,ma Mutasa ,ma Sagambe Clinic
ma Manicaland ,ma Mutasa ,ma Sahumani Clinic
ma Manicaland ,ma Mutasa ,ma Sakupwanya Clinic
ma Manicaland ,ma Mutasa ,ma Samanga Clinic
ma Manicaland ,ma Mutasa ,ma Samaringa Clinic
ma Manicaland ,ma Mutasa ,ma Selbourne/Nyanga Pine Clinic
ma Manicaland ,ma Mutasa ,ma Sheba Clinic
ma Manicaland ,ma Mutasa ,ma Sherukuru Rural Health Centre
ma Manicaland ,ma Mutasa ,ma St Augustine's Clinic
ma Manicaland ,ma Mutasa ,ma St Barbara Mission Hospital
ma Manicaland ,ma Mutasa ,ma St Peter's Mandeya Mission Clinic
ma Manicaland ,ma Mutasa ,ma Triashill Mission Hospital
ma Manicaland ,ma Mutasa ,ma Tsonzo Rural Hospital
ma Manicaland ,ma Mutasa ,ma Tsvingwe RDC Clinic
ma Manicaland ,ma Mutasa ,ma Zindi Clinic
ma Manicaland ,ma Mutasa ,ma Zongoro Clinic
ma Manicaland ,ma Nyanga ,ma Avilla Mission Hospital
ma Manicaland ,ma Nyanga ,ma Chatindo Clinic
ma Manicaland ,ma Nyanga ,ma Chiwarira Clinic
ma Manicaland ,ma Nyanga ,ma Claremont Estate Clinic
ma Manicaland ,ma Nyanga ,ma Dazi Clinic
ma Manicaland ,ma Nyanga ,ma Dombo Rural Health Centre
ma Manicaland ,ma Nyanga ,ma Elim Mission Hospital
ma Manicaland ,ma Nyanga ,ma Erin Forest Estate Clinic
ma Manicaland ,ma Nyanga ,ma Fombe Rural Health Centre
ma Manicaland ,ma Nyanga ,ma Gairezi Rural Health Centre
ma Manicaland ,ma Nyanga ,ma Gotekote Rural Health Centre
ma Manicaland ,ma Nyanga ,ma Kambudzi Clinic
ma Manicaland ,ma Nyanga ,ma Mapako Clinic
ma Manicaland ,ma Nyanga ,ma Matize Rural Health Centre
ma Manicaland ,ma Nyanga ,ma Mount Melleray Mission Hospital
ma Manicaland ,ma Nyanga ,ma Mukunza Clinic
ma Manicaland ,ma Nyanga ,ma Munemo Clinic
ma Manicaland ,ma Nyanga ,ma Nyadowa Clinic
ma Manicaland ,ma Nyanga ,ma Nyafaru Clinic
ma Manicaland ,ma Nyanga ,ma Nyajezi Clinic 
ma Manicaland ,ma Nyanga ,ma Nyamaropa Clinic
ma Manicaland ,ma Nyanga ,ma Nyamombe Clinic
ma Manicaland ,ma Nyanga ,ma Nyanga  Hospital
ma Manicaland ,ma Nyanga ,ma Nyarumvurwe Rural Health Centre
ma Manicaland ,ma Nyanga ,ma Nyatate Clinic
ma Manicaland ,ma Nyanga ,ma Nyautare Rural Health Centre
ma Manicaland ,ma Nyanga ,ma Regina Coeli Mission Hospital
ma Manicaland ,ma Nyanga ,ma Ruchera Rural Health Centre
ma Manicaland ,ma Nyanga ,ma Sabvure Clinic
ma Manicaland ,ma Nyanga ,ma Tombo Clinic
ma Manicaland ,ma Chimanimani ,ma Nyanyadzi Rural Hospital
ma Manicaland ,ma Chipinge ,ma Silver Stream Clinic
ma Manicaland ,ma Makoni ,ma Nedewedzo Rural Hospital
ma Manicaland ,ma Mutare ,ma Chiadzwa Rural Health Centre
ma Manicaland ,ma Mutare ,ma Chiwere Clinic
ma Manicaland ,ma Nyanga ,ma Bende Clinic
ma Manicaland ,ma Nyanga ,ma Spring Valley Clinic
mc Mashonaland Central ,mc Bindura ,mc Bindura Provincial Hospital
mc Mashonaland Central ,mc Bindura ,mc Bindura ZRP Clinic
mc Mashonaland Central ,mc Bindura ,mc Chipadze Clinic
mc Mashonaland Central ,mc Bindura ,mc Chiriseri Clinic
mc Mashonaland Central ,mc Bindura ,mc Chiveso Rural Health Centre
mc Mashonaland Central ,mc Bindura ,mc Chiwaridzo Clinic
mc Mashonaland Central ,mc Bindura ,mc Foothills Clinic
mc Mashonaland Central ,mc Bindura ,mc Freda Rebecca Clinic
mc Mashonaland Central ,mc Bindura ,mc Glamorgan Clinic
mc Mashonaland Central ,mc Bindura ,mc Katanya Clinic
mc Mashonaland Central ,mc Bindura ,mc Manga Rural Health Centre
mc Mashonaland Central ,mc Bindura ,mc Manhenga Clinic
mc Mashonaland Central ,mc Bindura ,mc Muonwe Rural Health Centre
mc Mashonaland Central ,mc Bindura ,mc Mupandira Rural Health Centre
mc Mashonaland Central ,mc Bindura ,mc Muyambuka Clinic
mc Mashonaland Central ,mc Bindura ,mc Nyava Clinic
mc Mashonaland Central ,mc Bindura ,mc Rusununguko Clinic
mc Mashonaland Central ,mc Bindura ,mc Rutope Clinic
mc Mashonaland Central ,mc Bindura ,mc Takunda Rural Health Centre
mc Mashonaland Central ,mc Bindura ,mc Tarlington Clinic
mc Mashonaland Central ,mc Bindura ,mc Trojan Nickel Clinic
mc Mashonaland Central ,mc Centenary ,mc Always Clinic
mc Mashonaland Central ,mc Centenary ,mc Chadereka Rural Health Centre
mc Mashonaland Central ,mc Centenary ,mc Chawarura Rural Health Centre
mc Mashonaland Central ,mc Centenary ,mc Chidikamwedzi Clinic
mc Mashonaland Central ,mc Centenary ,mc Chinyani Clinic
mc Mashonaland Central ,mc Centenary ,mc Chiwenga Clinic
mc Mashonaland Central ,mc Centenary ,mc Dambakurima Clinic
mc Mashonaland Central ,mc Centenary ,mc David Nelson Clinic
mc Mashonaland Central ,mc Centenary ,mc Hoya Rural Health Centre
mc Mashonaland Central ,mc Centenary ,mc Hwata Clinic
mc Mashonaland Central ,mc Centenary ,mc Machaya Rural Health Centre
mc Mashonaland Central ,mc Centenary ,mc Muzarabani Rural Health Centre
mc Mashonaland Central ,mc Centenary ,mc Nyamaridza Clinic
mc Mashonaland Central ,mc Centenary ,mc Range Clinic
mc Mashonaland Central ,mc Centenary ,mc St Albert's Mission Hospital
mc Mashonaland Central ,mc Guruve ,mc Bakasa Clinic
mc Mashonaland Central ,mc Guruve ,mc Bepura Clinic
mc Mashonaland Central ,mc Guruve ,mc Birkdale Clinic
mc Mashonaland Central ,mc Guruve ,mc Brandon Clinic
mc Mashonaland Central ,mc Guruve ,mc Bvochora Rural Health Centre
mc Mashonaland Central ,mc Guruve ,mc Camsasa Clinic
mc Mashonaland Central ,mc Guruve ,mc Chipuriro Clinic
mc Mashonaland Central ,mc Guruve ,mc Gota Clinic
mc Mashonaland Central ,mc Guruve ,mc Guruve Centre Rural Health Clinic
mc Mashonaland Central ,mc Guruve ,mc Guruve  Hospital
mc Mashonaland Central ,mc Guruve ,mc Kachuta Clinic
mc Mashonaland Central ,mc Guruve ,mc Kemutamba Clinic
mc Mashonaland Central ,mc Guruve ,mc Matsvitsi Clinic
mc Mashonaland Central ,mc Guruve ,mc Mugarakamwe Clinic
mc Mashonaland Central ,mc Guruve ,mc Negomo Rural Health Centre
mc Mashonaland Central ,mc Guruve ,mc Nyakapupu Clinic
mc Mashonaland Central ,mc Guruve ,mc Nyamhondoro Rural Health Centre
mc Mashonaland Central ,mc Guruve ,mc Nyamupfuta Clinic
mc Mashonaland Central ,mc Guruve ,mc Ruyamuro Clinic
mc Mashonaland Central ,mc Guruve ,mc Shinje Rural Health Centre
mc Mashonaland Central ,mc Mazowe ,mc Adura Clinic
mc Mashonaland Central ,mc Mazowe ,mc Bare Clinic
mc Mashonaland Central ,mc Mazowe ,mc Belgownie Clinic
mc Mashonaland Central ,mc Mazowe ,mc Chigwida Clinic
mc Mashonaland Central ,mc Mazowe ,mc Chinehasha Rural Health Centre
mc Mashonaland Central ,mc Mazowe ,mc Christon Bank Clinic
mc Mashonaland Central ,mc Mazowe ,mc Concession  Hospital
mc Mashonaland Central ,mc Mazowe ,mc Cranham Clinic
mc Mashonaland Central ,mc Mazowe ,mc Dambo Clinic
mc Mashonaland Central ,mc Mazowe ,mc Dandamera Clinic
mc Mashonaland Central ,mc Mazowe ,mc Davaar Clinic
mc Mashonaland Central ,mc Mazowe ,mc Donje Clinic
mc Mashonaland Central ,mc Mazowe ,mc Forrester Clinic
mc Mashonaland Central ,mc Mazowe ,mc Gombekombe Clinic
mc Mashonaland Central ,mc Mazowe ,mc Henderson Clinic
mc Mashonaland Central ,mc Mazowe ,mc Holme Eden Clinic
mc Mashonaland Central ,mc Mazowe ,mc Horta Clinic
mc Mashonaland Central ,mc Mazowe ,mc Howard Mission Hospital
mc Mashonaland Central ,mc Mazowe ,mc Iron Duke Clinic
mc Mashonaland Central ,mc Mazowe ,mc Jingamvura Clinic
mc Mashonaland Central ,mc Mazowe ,mc Makope Clinic
mc Mashonaland Central ,mc Mazowe ,mc Maria Theresa Clinic
mc Mashonaland Central ,mc Mazowe ,mc Mazowe Citrus Clinic
mc Mashonaland Central ,mc Mazowe ,mc Mazowe Mine
mc Mashonaland Central ,mc Mazowe ,mc Mazowe Mine Clinic
mc Mashonaland Central ,mc Mazowe ,mc Mazowe Secondary Clinic
mc Mashonaland Central ,mc Mazowe ,mc Muswenhede Clinic
mc Mashonaland Central ,mc Mazowe ,mc Mvurwi Hospital
mc Mashonaland Central ,mc Mazowe ,mc Nyakudya Rural Health Centre
mc Mashonaland Central ,mc Mazowe ,mc Nzvimbo Clinic
mc Mashonaland Central ,mc Mazowe ,mc Rosa Rural Hospital
mc Mashonaland Central ,mc Mazowe ,mc Sandringham Clinic
mc Mashonaland Central ,mc Mazowe ,mc Shopo Clinic
mc Mashonaland Central ,mc Mazowe ,mc Shutu Rural Health Centre
mc Mashonaland Central ,mc Mazowe ,mc Suoguru Clinic
mc Mashonaland Central ,mc Mazowe ,mc Tsungubvi Clinic
mc Mashonaland Central ,mc Mazowe ,mc Von Abo Clinic
mc Mashonaland Central ,mc Mazowe ,mc ZPS Mazowe Prison Clinic
mc Mashonaland Central ,mc Mbire ,mc Angwa Clinic
mc Mashonaland Central ,mc Mbire ,mc Chapoto Clinic
mc Mashonaland Central ,mc Mbire ,mc Chidodo Clinic
mc Mashonaland Central ,mc Mbire ,mc Chikafa Clinic
mc Mashonaland Central ,mc Mbire ,mc Chirunya Clinic
mc Mashonaland Central ,mc Mbire ,mc Chitsungo Mission Hospital
mc Mashonaland Central ,mc Mbire ,mc Gonono Clinic
mc Mashonaland Central ,mc Mbire ,mc Mahuwe Clinic
mc Mashonaland Central ,mc Mbire ,mc Masoka Clinic
mc Mashonaland Central ,mc Mbire ,mc Masomo Clinic
mc Mashonaland Central ,mc Mbire ,mc Musengezi Clinic
mc Mashonaland Central ,mc Mbire ,mc Mushumbi RHC
mc Mashonaland Central ,mc Mbire ,mc Nyambudzi Clinic
mc Mashonaland Central ,mc Mount Darwin ,mc Bandimba Clinic
mc Mashonaland Central ,mc Mount Darwin ,mc Bveke Clinic
mc Mashonaland Central ,mc Mount Darwin ,mc Chawanda Clinic
mc Mashonaland Central ,mc Mount Darwin ,mc Chibuli Clinic
mc Mashonaland Central ,mc Mount Darwin ,mc Chitepo Clinic
mc Mashonaland Central ,mc Mount Darwin ,mc Chitse Clinic
mc Mashonaland Central ,mc Mount Darwin ,mc Dotito Rural Health Centre
mc Mashonaland Central ,mc Mount Darwin ,mc Kaitano Clinic
mc Mashonaland Central ,mc Mount Darwin ,mc Kamutsenzere Rural Health Centre
mc Mashonaland Central ,mc Mount Darwin ,mc Kandeya clinic
mc Mashonaland Central ,mc Mount Darwin ,mc Karanda Mission Hospital
mc Mashonaland Central ,mc Mount Darwin ,mc Matope Clinic
mc Mashonaland Central ,mc Mount Darwin ,mc Mount Darwin  Hospital
mc Mashonaland Central ,mc Mount Darwin ,mc Mukumbura Clinic
mc Mashonaland Central ,mc Mount Darwin ,mc Murongwe Clinic
mc Mashonaland Central ,mc Mount Darwin ,mc Mutasa Clinic
mc Mashonaland Central ,mc Mount Darwin ,mc Mutungagore Clinic
mc Mashonaland Central ,mc Mount Darwin ,mc Nembire Rural Health Centre
mc Mashonaland Central ,mc Mount Darwin ,mc Nyamahobogo Rural Health Centre
mc Mashonaland Central ,mc Mount Darwin ,mc Pachanza Clinic
mc Mashonaland Central ,mc Mount Darwin ,mc Pfunyanguwo Rural Health Centre
mc Mashonaland Central ,mc Mount Darwin ,mc Tsakare Rural Health Centre
mc Mashonaland Central ,mc Mount Darwin ,mc ZPS Mount Darwin Prison Clinic
mc Mashonaland Central ,mc Rushinga ,mc Bungwe Clinic
mc Mashonaland Central ,mc Rushinga ,mc Chimandau Rural Health Centre
mc Mashonaland Central ,mc Rushinga ,mc Chimhanda Clinic
mc Mashonaland Central ,mc Rushinga ,mc Chimhanda  Hospital
mc Mashonaland Central ,mc Rushinga ,mc Chomutukutu
mc Mashonaland Central ,mc Rushinga ,mc Ganganyama Clinic
mc Mashonaland Central ,mc Rushinga ,mc Mary Mount Mission Hospital
mc Mashonaland Central ,mc Rushinga ,mc Mazowe Bridge Rural Health Centre
mc Mashonaland Central ,mc Rushinga ,mc Mukonde Rural Health Centre
mc Mashonaland Central ,mc Rushinga ,mc Mukosa Rural Health Centre
mc Mashonaland Central ,mc Rushinga ,mc Nhawa Rural Health Center
mc Mashonaland Central ,mc Rushinga ,mc Nyamatikiti Rural Health Centre
mc Mashonaland Central ,mc Rushinga ,mc Nyatsato Clinic
mc Mashonaland Central ,mc Rushinga ,mc Rusambo Clinic
mc Mashonaland Central ,mc Rushinga ,mc Rushinga Rural Health Centre
mc Mashonaland Central ,mc Shamva ,mc Bushu Clinic
mc Mashonaland Central ,mc Shamva ,mc Chevakadzi Clinic
mc Mashonaland Central ,mc Shamva ,mc Chidembo Clinic
mc Mashonaland Central ,mc Shamva ,mc Chihuri Clinic
mc Mashonaland Central ,mc Shamva ,mc Chipoli Clinic
mc Mashonaland Central ,mc Shamva ,mc Chishapa Clinic
mc Mashonaland Central ,mc Shamva ,mc CZA Clinic
mc Mashonaland Central ,mc Shamva ,mc Goora Rural Health Centre
mc Mashonaland Central ,mc Shamva ,mc Madziwa Rural Hospital
mc Mashonaland Central ,mc Shamva ,mc Madziwa Teachers' College
mc Mashonaland Central ,mc Shamva ,mc Mhokore Clinic
mc Mashonaland Central ,mc Shamva ,mc Mliti clinic
mc Mashonaland Central ,mc Shamva ,mc Mupfure Clinic
mc Mashonaland Central ,mc Shamva ,mc Mupfurudzi Rural Health Centre
mc Mashonaland Central ,mc Shamva ,mc Nyamaropa Rural Health Centre
mc Mashonaland Central ,mc Shamva ,mc Nyamaruro Rural Health Centre
mc Mashonaland Central ,mc Shamva ,mc Shamva  Hospital
mc Mashonaland Central ,mc Shamva ,mc Shamva Gold Mine Clinic
mc Mashonaland Central ,mc Shamva ,mc Takawira Clinic
mc Mashonaland Central ,mc Shamva ,mc Wadzanai Clinic
mc Mashonaland Central ,mc Bindura ,mc ZPS Bindura Prison Clinic
me Mashonaland East ,me Chikomba ,me Bvumbura Clinic
me Mashonaland East ,me Chikomba ,me Chivhu Clinic
me Mashonaland East ,me Chikomba ,me Chivhu General Hospital
me Mashonaland East ,me Chikomba ,me Chivhu ZRP Clinic
me Mashonaland East ,me Chikomba ,me Daramombe Clinic
me Mashonaland East ,me Chikomba ,me Gandachibvuva Mission Hospital
me Mashonaland East ,me Chikomba ,me Gandami Clinic
me Mashonaland East ,me Chikomba ,me Gokomere Clinic
me Mashonaland East ,me Chikomba ,me Kadungure Clinic
me Mashonaland East ,me Chikomba ,me Lancashire Clinic
me Mashonaland East ,me Chikomba ,me Madamombe Clinic
me Mashonaland East ,me Chikomba ,me Manyene Clinic
me Mashonaland East ,me Chikomba ,me Masasa Clinic
me Mashonaland East ,me Chikomba ,me Mbiru Clinic
me Mashonaland East ,me Chikomba ,me Mpatsi Clinic
me Mashonaland East ,me Chikomba ,me Mufudziwakanaka Rural Health Centre
me Mashonaland East ,me Chikomba ,me Murezi Rural Health Centre
me Mashonaland East ,me Chikomba ,me Musumha Rural Health Centre
me Mashonaland East ,me Chikomba ,me Mutoro Clinic
me Mashonaland East ,me Chikomba ,me Mwerahari Clinic
me Mashonaland East ,me Chikomba ,me Nhangabwe Clinic
me Mashonaland East ,me Chikomba ,me Nharira Rural Hospital
me Mashonaland East ,me Chikomba ,me Nyamhere Rural Health Centre
me Mashonaland East ,me Chikomba ,me Philipsdale Clinic
me Mashonaland East ,me Chikomba ,me Pokoteke Clinic
me Mashonaland East ,me Chikomba ,me Range Rural Health Centre
me Mashonaland East ,me Chikomba ,me Rutanhira Clinic
me Mashonaland East ,me Chikomba ,me Sadza  Hospital
me Mashonaland East ,me Chikomba ,me Shumba Clinic
me Mashonaland East ,me Chikomba ,me St Francis of Assisi Mission Clinic
me Mashonaland East ,me Chikomba ,me Tavara Clinic
me Mashonaland East ,me Chikomba ,me Unyetu Clinic
me Mashonaland East ,me Chikomba ,me Wazvaramhaka Clinic
me Mashonaland East ,me Chikomba ,me Wiltshire Clinic
me Mashonaland East ,me Chikomba ,me ZPS Chivhu Prison Clinic
me Mashonaland East ,me Chikomba ,me Zvamatobwe Rural Health Centre
me Mashonaland East ,me Goromonzi ,me Bosha Rural Health Centre
me Mashonaland East ,me Goromonzi ,me Bromley Clinic
me Mashonaland East ,me Goromonzi ,me Caledonia clinic
me Mashonaland East ,me Goromonzi ,me Chabwino Clinic
me Mashonaland East ,me Goromonzi ,me Chikwaka Rural Hospital
me Mashonaland East ,me Goromonzi ,me Chinyika Clinic
me Mashonaland East ,me Goromonzi ,me Chivaraidze Clinic(Pvt)
me Mashonaland East ,me Goromonzi ,me Cranborne Clinic
me Mashonaland East ,me Goromonzi ,me Domboshava Rural Health Centre
me Mashonaland East ,me Goromonzi ,me Henry John Reimer Clinic
me Mashonaland East ,me Goromonzi ,me Joan Rankine Clinic
me Mashonaland East ,me Goromonzi ,me Kowoyo Clinic
me Mashonaland East ,me Goromonzi ,me Kubatsirana Clinic
me Mashonaland East ,me Goromonzi ,me Makumbe  Hospital
me Mashonaland East ,me Goromonzi ,me Masikandoro Clinic
me Mashonaland East ,me Goromonzi ,me Melfort Clinic
me Mashonaland East ,me Goromonzi ,me Mwanza Rural Health Centre
me Mashonaland East ,me Goromonzi ,me Nyaure Clinic
me Mashonaland East ,me Goromonzi ,me Pagejo RaRuby Clinic
me Mashonaland East ,me Goromonzi ,me Pote Clinic
me Mashonaland East ,me Goromonzi ,me Rusike Clinic
me Mashonaland East ,me Goromonzi ,me St Joseph's Clinic
me Mashonaland East ,me Goromonzi ,me Xanadu Clinic
me Mashonaland East ,me Goromonzi ,me ZPS Goromonzi Clinic
me Mashonaland East ,me Hwedza ,me Chigondo Clinic
me Mashonaland East ,me Hwedza ,me Chikurumadziva Clinic
me Mashonaland East ,me Hwedza ,me Chirume Clinic
me Mashonaland East ,me Hwedza ,me Garaba Rural Health Centre
me Mashonaland East ,me Hwedza ,me Goneso Rural Health Centre
me Mashonaland East ,me Hwedza ,me Goto Clinic
me Mashonaland East ,me Hwedza ,me Gotora/Skimpton Clinic
me Mashonaland East ,me Hwedza ,me Hwedza Rural Hospital
me Mashonaland East ,me Hwedza ,me Idube Clinic
me Mashonaland East ,me Hwedza ,me Madzimbabwe Clinic
me Mashonaland East ,me Hwedza ,me Makarara Clinic
me Mashonaland East ,me Hwedza ,me Mt St Mary's Mission Hospital
me Mashonaland East ,me Hwedza ,me Mukamba Clinic
me Mashonaland East ,me Hwedza ,me Sango Clinic
me Mashonaland East ,me Hwedza ,me Sengezi Rural Health Centre
me Mashonaland East ,me Hwedza ,me Tillita Clinic
me Mashonaland East ,me Hwedza ,me Zviduri Clinic
me Mashonaland East ,me Marondera ,me Arcadia Rural Council Clinic
me Mashonaland East ,me Marondera ,me Chakadini Clinic
me Mashonaland East ,me Marondera ,me Chimbwanda Rural Health Centre
me Mashonaland East ,me Marondera ,me Chiota Rural Hospital
me Mashonaland East ,me Marondera ,me Chipararwe Council Clinic
me Mashonaland East ,me Marondera ,me Dimbiti Rural Health Centre
me Mashonaland East ,me Marondera ,me Dombotombo Council Clinic
me Mashonaland East ,me Marondera ,me Igava Council Clinic
me Mashonaland East ,me Marondera ,me Kushinga Phikhelela Rural Health Centre
me Mashonaland East ,me Marondera ,me Lustleigh Council Clinic
me Mashonaland East ,me Marondera ,me Mahusekwa  Hospital
me Mashonaland East ,me Marondera ,me Marondera Provincial Hospital
me Mashonaland East ,me Marondera ,me Marondera Rural Council Clinic
me Mashonaland East ,me Marondera ,me Marondera ZNFPC Clinic
me Mashonaland East ,me Marondera ,me Masikana Council Clinic
me Mashonaland East ,me Marondera ,me Mudzimurema Rural Health Centre
me Mashonaland East ,me Marondera ,me Nyameni Council Clinic
me Mashonaland East ,me Marondera ,me Nyembanzvere Council Clinic
me Mashonaland East ,me Marondera ,me Rakodzi Pvt Clinic
me Mashonaland East ,me Marondera ,me Ridigita Farm Prison Clinic
me Mashonaland East ,me Marondera ,me Waddilove Clinic
me Mashonaland East ,me Marondera ,me Wenimbi Rural Health Centre
me Mashonaland East ,me Marondera ,me ZPS Marondera Prison Clinic
me Mashonaland East ,me Mudzi ,me Chikwizo Clinic
me Mashonaland East ,me Mudzi ,me Chimango Clinic
me Mashonaland East ,me Mudzi ,me Chimukoko Rural Health Centre
me Mashonaland East ,me Mudzi ,me Chingamuka Clinic
me Mashonaland East ,me Mudzi ,me Chingwena Clinic
me Mashonaland East ,me Mudzi ,me Chisvo Clinic
me Mashonaland East ,me Mudzi ,me Chiunye Rural Health Centre
me Mashonaland East ,me Mudzi ,me Dendera Clinic
me Mashonaland East ,me Mudzi ,me Goromonzi Clinic
me Mashonaland East ,me Mudzi ,me Gozi Rural Health Centre
me Mashonaland East ,me Mudzi ,me Kapotesa Clinic
me Mashonaland East ,me Mudzi ,me Kondo Rural Health Centre
me Mashonaland East ,me Mudzi ,me Kotwa Clinic
me Mashonaland East ,me Mudzi ,me Kotwa  Hospital
me Mashonaland East ,me Mudzi ,me Makaha Rural Health Centre
me Mashonaland East ,me Mudzi ,me Masarakufa Rural Health Centre
me Mashonaland East ,me Mudzi ,me Masenda Clinic
me Mashonaland East ,me Mudzi ,me Mavhurazi clinic
me Mashonaland East ,me Mudzi ,me Muzezuru Grace Life Clinic
me Mashonaland East ,me Mudzi ,me Nyahuku Clinic
me Mashonaland East ,me Mudzi ,me Nyamande Clinic
me Mashonaland East ,me Mudzi ,me Nyamanyora Rural Health Centre
me Mashonaland East ,me Mudzi ,me Nyamapanda Clinic
me Mashonaland East ,me Mudzi ,me Nyamatawa Clinic
me Mashonaland East ,me Mudzi ,me Nyamukoho Clinic
me Mashonaland East ,me Mudzi ,me Nyapfunde Clinic
me Mashonaland East ,me Mudzi ,me Nyarutepo Clinic
me Mashonaland East ,me Mudzi ,me Shinga Clinic
me Mashonaland East ,me Mudzi ,me St Pius Clinic
me Mashonaland East ,me Mudzi ,me Suswe Clinic
me Mashonaland East ,me Murewa ,me Chidiya Clinic 
me Mashonaland East ,me Murewa ,me Chingwaru Clinic 
me Mashonaland East ,me Murewa ,me Chitate Rural Health Centre
me Mashonaland East ,me Murewa ,me Chitowa 1 Clinic
me Mashonaland East ,me Murewa ,me Chitowa 2 Clinic
me Mashonaland East ,me Murewa ,me Craiglea Clinic
me Mashonaland East ,me Murewa ,me Dandara Rural Health Centre
me Mashonaland East ,me Murewa ,me Dombwe Rural Health Centre
me Mashonaland East ,me Murewa ,me Goso Rural Health Centre
me Mashonaland East ,me Murewa ,me Jekwa Rural Health Centre
me Mashonaland East ,me Murewa ,me Kadenge Rural Health Centre
me Mashonaland East ,me Murewa ,me Kadzere Rural Health Centre
me Mashonaland East ,me Murewa ,me Kambarami Rural Health Centre
me Mashonaland East ,me Murewa ,me Macheke Clinic
me Mashonaland East ,me Murewa ,me Madamombe Rural Health Centre
me Mashonaland East ,me Murewa ,me Matututu Clinic
me Mashonaland East ,me Murewa ,me Muchinjike Rural Health Centre
me Mashonaland East ,me Murewa ,me Munamba Rural Health Centre
me Mashonaland East ,me Murewa ,me Murewa Polyclinic
me Mashonaland East ,me Murewa ,me Ngwerume Rural Health Centre
me Mashonaland East ,me Murewa ,me Nhowe Mission Hospital
me Mashonaland East ,me Murewa ,me Nyamutumbu Rural Health Centre
me Mashonaland East ,me Murewa ,me Shambamuto Rural Health Centre
me Mashonaland East ,me Murewa ,me St Clares Clinic
me Mashonaland East ,me Murewa ,me St Paul's Musami Mission Hospital
me Mashonaland East ,me Murewa ,me Virginia Clinic
me Mashonaland East ,me Murewa ,me Waterloo Clinic
me Mashonaland East ,me Murewa ,me Welcome Home Rural Health Centre
me Mashonaland East ,me Murewa ,me ZPS Murewa Prison Clinic
me Mashonaland East ,me Mutoko ,me Bepeta Rural Health Centre
me Mashonaland East ,me Mutoko ,me Bondamakara Clinic
me Mashonaland East ,me Mutoko ,me Charehwa Clinic
me Mashonaland East ,me Mutoko ,me Chidye Clinic
me Mashonaland East ,me Mutoko ,me Chikondoma Clinic
me Mashonaland East ,me Mutoko ,me Chindenga Clinic
me Mashonaland East ,me Mutoko ,me Chisambiro RHC
me Mashonaland East ,me Mutoko ,me Gurure Clinic
me Mashonaland East ,me Mutoko ,me Hoyuyu I Rural Health Centre
me Mashonaland East ,me Mutoko ,me Hoyuyu II Rural Health Centre
me Mashonaland East ,me Mutoko ,me Kapondoro Rural Health Centre
me Mashonaland East ,me Mutoko ,me Katsukunya Rural Health Centre
me Mashonaland East ,me Mutoko ,me Kawazva Clinic
me Mashonaland East ,me Mutoko ,me Kawere Rural Health Centre
me Mashonaland East ,me Mutoko ,me Kushinga Rural Health Centre
me Mashonaland East ,me Mutoko ,me Luisa Guidotti Mission Hospital
me Mashonaland East ,me Mutoko ,me Madimutsa Clinic
me Mashonaland East ,me Mutoko ,me Makosa Rural Hospital
me Mashonaland East ,me Mutoko ,me Matedza Clinic
me Mashonaland East ,me Mutoko ,me Mother of Peace Clinic
me Mashonaland East ,me Mutoko ,me Mushimbo Rural Health Centre
me Mashonaland East ,me Mutoko ,me Mutemwa Leprosy Settlement Clinic
me Mashonaland East ,me Mutoko ,me Mutoko  Hospital
me Mashonaland East ,me Mutoko ,me Nyadire Mission Hospital
me Mashonaland East ,me Mutoko ,me Nyadire Rural Health Centre
me Mashonaland East ,me Mutoko ,me Nyamuzizi Rural Health Centre
me Mashonaland East ,me Mutoko ,me Nyamuzuwe Rural Hospital
me Mashonaland East ,me Mutoko ,me Nzira Rural Health Centre
me Mashonaland East ,me Mutoko ,me ZN Army Camp Clinic Mutoko
me Mashonaland East ,me Mutoko ,me ZPS Mutoko Prison Clinic
me Mashonaland East ,me Seke ,me Acton Reynolds Rural Health Centre
me Mashonaland East ,me Seke ,me Beatrice Rural Hospital
me Mashonaland East ,me Seke ,me Bwoni Clinic
me Mashonaland East ,me Seke ,me Charakupa Clinic
me Mashonaland East ,me Seke ,me Derbyshire Clinic
me Mashonaland East ,me Seke ,me Jonasi Clinic
me Mashonaland East ,me Seke ,me Kunaka Hospital
me Mashonaland East ,me Seke ,me Lanark Clinic
me Mashonaland East ,me Seke ,me Makanyazingwa Clinic
me Mashonaland East ,me Seke ,me Marirangwe Clinic
me Mashonaland East ,me Seke ,me Masasa Rural Health Centre
me Mashonaland East ,me Seke ,me Muda Clinic
me Mashonaland East ,me Seke ,me Ringa Rural Health Centre
me Mashonaland East ,me Seke ,me Zhakata Rural Health Centre
me Mashonaland East ,me Uzumba Maramba Pfungwe ,me Borera Clinic
me Mashonaland East ,me Uzumba Maramba Pfungwe ,me Chikuhwa Clinic
me Mashonaland East ,me Uzumba Maramba Pfungwe ,me Chipfunde Clinic
me Mashonaland East ,me Uzumba Maramba Pfungwe ,me Chitimbe Clinic
me Mashonaland East ,me Uzumba Maramba Pfungwe ,me Chitsungo Clinic
me Mashonaland East ,me Uzumba Maramba Pfungwe ,me Dewe Council Clinic
me Mashonaland East ,me Uzumba Maramba Pfungwe ,me Dindi Clinic
me Mashonaland East ,me Uzumba Maramba Pfungwe ,me Hombiro Clinic
me Mashonaland East ,me Uzumba Maramba Pfungwe ,me Kafura Rural Health Centre
me Mashonaland East ,me Uzumba Maramba Pfungwe ,me Karimbika Rural Health Centre
me Mashonaland East ,me Uzumba Maramba Pfungwe ,me Manyika Clinic
me Mashonaland East ,me Uzumba Maramba Pfungwe ,me Maramba Clinic
me Mashonaland East ,me Uzumba Maramba Pfungwe ,me Marembera Rural Health Centre
me Mashonaland East ,me Uzumba Maramba Pfungwe ,me Mashambanhaka Clinic
me Mashonaland East ,me Uzumba Maramba Pfungwe ,me Muskwe Clinic
me Mashonaland East ,me Uzumba Maramba Pfungwe ,me Mutawatawa  Hospital
me Mashonaland East ,me Uzumba Maramba Pfungwe ,me Nhakiwa Clinic
me Mashonaland East ,me Uzumba Maramba Pfungwe ,me Nyagande clinic
me Mashonaland East ,me Uzumba Maramba Pfungwe ,me Nyakasoro Clinic
me Mashonaland East ,me Uzumba Maramba Pfungwe ,me Nyanzou Clinic
me Mashonaland East ,me Uzumba Maramba Pfungwe ,me Sowa Rural Health Centre
me Mashonaland East ,me Uzumba Maramba Pfungwe ,me Tsokodeka clinic
me Mashonaland East ,me Chikomba ,me Mashayamvura Clinic
me Mashonaland East ,me Chikomba ,me Mushipe Clinic
me Mashonaland East ,me Goromonzi ,me Chinamhora Clinic
me Mashonaland East ,me Marondera ,me Border Church Rural Health Centre
me Mashonaland East ,me Murewa ,me Murewa Gvt  Hospital 
me Mashonaland East ,me Mutoko ,me Kowo Clinic
mi Midlands ,mi Chirumhanzu ,mi Chengwena Clinic
mi Midlands ,mi Chirumhanzu ,mi Chilimanzi Rural Hospital
mi Midlands ,mi Chirumhanzu ,mi Chimbindi Rural Health Centre
mi Midlands ,mi Chirumhanzu ,mi Chizhou Clinic
mi Midlands ,mi Chirumhanzu ,mi Denhere Clinic
mi Midlands ,mi Chirumhanzu ,mi Doroguru Clinic
mi Midlands ,mi Chirumhanzu ,mi Guramatunhu Clinic
mi Midlands ,mi Chirumhanzu ,mi Hama Clinic
mi Midlands ,mi Chirumhanzu ,mi Holy Cross Mission Hospital
mi Midlands ,mi Chirumhanzu ,mi Hwata Clinic
mi Midlands ,mi Chirumhanzu ,mi Lalapanzi Clinic
mi Midlands ,mi Chirumhanzu ,mi Lynwood Clinic
mi Midlands ,mi Chirumhanzu ,mi Mapiravana Clinic
mi Midlands ,mi Chirumhanzu ,mi Mudzengi Clinic
mi Midlands ,mi Chirumhanzu ,mi Musena Rural Health Centre
mi Midlands ,mi Chirumhanzu ,mi Muvonde Mission Hospital
mi Midlands ,mi Chirumhanzu ,mi Mvuma  Hospital
mi Midlands ,mi Chirumhanzu ,mi Nyautonge Rural Health Centre
mi Midlands ,mi Chirumhanzu ,mi Nyikavanhu Clinic
mi Midlands ,mi Chirumhanzu ,mi Siyahokwe Clinic
mi Midlands ,mi Chirumhanzu ,mi St Theresa Mission Hospital
mi Midlands ,mi Chirumhanzu ,mi Tokwe 4 Clinic
mi Midlands ,mi Gokwe North ,mi Burure Clinic
mi Midlands ,mi Gokwe North ,mi Chireya Mission Hospital
mi Midlands ,mi Gokwe North ,mi Chirisa Clinic
mi Midlands ,mi Gokwe North ,mi Denda Clinic
mi Midlands ,mi Gokwe North ,mi Gandavaroyi Clinic
mi Midlands ,mi Gokwe North ,mi Gokwe North  Hospital
mi Midlands ,mi Gokwe North ,mi Goredema Clinic
mi Midlands ,mi Gokwe North ,mi Gumunyu Clinic
mi Midlands ,mi Gokwe North ,mi Kadzidirire Rural Health Centre
mi Midlands ,mi Gokwe North ,mi Kahobo Clinic
mi Midlands ,mi Gokwe North ,mi Kuwirirana Clinic
mi Midlands ,mi Gokwe North ,mi Madzivazvido Rural Health Centre
mi Midlands ,mi Gokwe North ,mi Mashame Rural Health Centre
mi Midlands ,mi Gokwe North ,mi Murunguziva Clinic
mi Midlands ,mi Gokwe North ,mi Musadzi Rural Health Centre
mi Midlands ,mi Gokwe North ,mi Mutora Mission Hospital
mi Midlands ,mi Gokwe North ,mi Nenyunga Clinic
mi Midlands ,mi Gokwe North ,mi Norah Rural Health Centre
mi Midlands ,mi Gokwe North ,mi Nyamatsito Clinic
mi Midlands ,mi Gokwe North ,mi Nyaurungwe Clinic
mi Midlands ,mi Gokwe North ,mi Rubatsiro Clinic
mi Midlands ,mi Gokwe North ,mi Simchembu Rural Health Centre
mi Midlands ,mi Gokwe North ,mi Tsungai Rural Health Centre
mi Midlands ,mi Gokwe North ,mi Vumba Clinic
mi Midlands ,mi Gokwe North ,mi Zhomba Clinic
mi Midlands ,mi Gokwe North ,mi Zumba Clinic
mi Midlands ,mi Gokwe North ,mi Zvanaka Clinic
mi Midlands ,mi Gokwe South ,mi Chemahororo Clinic
mi Midlands ,mi Gokwe South ,mi Cheziya Clinic
mi Midlands ,mi Gokwe South ,mi Chitapo Clinic
mi Midlands ,mi Gokwe South ,mi Chitave Clinic
mi Midlands ,mi Gokwe South ,mi Ganye Clinic
mi Midlands ,mi Gokwe South ,mi Gokwe South  Hospital
mi Midlands ,mi Gokwe South ,mi Gokwe South ZRP Camp Clinic
mi Midlands ,mi Gokwe South ,mi Gwanyika Rural Health Centre
mi Midlands ,mi Gokwe South ,mi Huchu Clinic
mi Midlands ,mi Gokwe South ,mi Jahana Clinic
mi Midlands ,mi Gokwe South ,mi Jiri/ndoza Clinic
mi Midlands ,mi Gokwe South ,mi Kana Mission Hospital
mi Midlands ,mi Gokwe South ,mi Katema RDC
mi Midlands ,mi Gokwe South ,mi Krima Clinic
mi Midlands ,mi Gokwe South ,mi Mangidi Clinic
mi Midlands ,mi Gokwe South ,mi Manoti Clinic
mi Midlands ,mi Gokwe South ,mi Manyoni Clinic
mi Midlands ,mi Gokwe South ,mi Mapfungautsi Poly Clinic
mi Midlands ,mi Gokwe South ,mi Masuka Clinic
mi Midlands ,mi Gokwe South ,mi Mateme SDA Clinic
mi Midlands ,mi Gokwe South ,mi Mateta Rural Health Centre
mi Midlands ,mi Gokwe South ,mi Mkoka Clinic
mi Midlands ,mi Gokwe South ,mi Msala Clinic
mi Midlands ,mi Gokwe South ,mi Mtanke Clinic
mi Midlands ,mi Gokwe South ,mi Musita Clinic
mi Midlands ,mi Gokwe South ,mi Ndavambi Clinic
mi Midlands ,mi Gokwe South ,mi Njelele clinic
mi Midlands ,mi Gokwe South ,mi Nyaje Rural Health Centre
mi Midlands ,mi Gokwe South ,mi Nyamhunga Clinic
mi Midlands ,mi Gokwe South ,mi Nyaradza Clinic
mi Midlands ,mi Gokwe South ,mi Sai Clinic
mi Midlands ,mi Gokwe South ,mi Sessami Clinic
mi Midlands ,mi Gokwe South ,mi Svisvi Clinic
mi Midlands ,mi Gokwe South ,mi Tongwe Clinic
mi Midlands ,mi Gokwe South ,mi Zhamba Clinic
mi Midlands ,mi Gokwe South ,mi ZPS Gokwe Prison Clinic
mi Midlands ,mi Gweru ,mi  CeSHHAR Clinic
mi Midlands ,mi Gweru ,mi  Gweru ZNFPC Clinic
mi Midlands ,mi Gweru ,mi  Riverdale Clinic
mi Midlands ,mi Gweru ,mi Child Welfare Clinic
mi Midlands ,mi Gweru ,mi Chinamasa Clinic
mi Midlands ,mi Gweru ,mi Chiwundura Clinic
mi Midlands ,mi Gweru ,mi Gatawa Clinic
mi Midlands ,mi Gweru ,mi Gunde Rural Health Centre
mi Midlands ,mi Gweru ,mi Gweru  Hospital
mi Midlands ,mi Gweru ,mi Gweru Provincial Hospital
mi Midlands ,mi Gweru ,mi Hozheri Mission Clinic
mi Midlands ,mi Gweru ,mi Impala Rural Clinic
mi Midlands ,mi Gweru ,mi Ivene Clinic
mi Midlands ,mi Gweru ,mi Kabanga Rural Health Centre
mi Midlands ,mi Gweru ,mi Lower Gweru Clinic
mi Midlands ,mi Gweru ,mi Maboleni Clinic
mi Midlands ,mi Gweru ,mi Madikani Clinic
mi Midlands ,mi Gweru ,mi Makepesi Clinic
mi Midlands ,mi Gweru ,mi Mangwandi Rural Health Centre
mi Midlands ,mi Gweru ,mi Masvori Rural Health Centre
mi Midlands ,mi Gweru ,mi Mkoba I Clinic
mi Midlands ,mi Gweru ,mi Mkoba PolyClinic
mi Midlands ,mi Gweru ,mi Monomutapa Clinic
mi Midlands ,mi Gweru ,mi Ntabamhlope Rural Health Centre
mi Midlands ,mi Gweru ,mi Nyama Clinic
mi Midlands ,mi Gweru ,mi Pfende Clinic
mi Midlands ,mi Gweru ,mi PSI New Start Centre
mi Midlands ,mi Gweru ,mi Rubi Clinic
mi Midlands ,mi Gweru ,mi Senga Clinic
mi Midlands ,mi Gweru ,mi Somabhula Clinic
mi Midlands ,mi Gweru ,mi St Patrick's Clinic
mi Midlands ,mi Gweru ,mi Totonga Clinic
mi Midlands ,mi Gweru ,mi Tumbire Clinic
mi Midlands ,mi Gweru ,mi Vungu Clinic
mi Midlands ,mi Gweru ,mi Vungu  Mobile
mi Midlands ,mi Gweru ,mi ZPS Connemara Prison Clinic
mi Midlands ,mi Gweru ,mi ZPS Whawha Prison Clinic
mi Midlands ,mi Kwekwe ,mi Al Davies Clinic
mi Midlands ,mi Kwekwe ,mi Amaveni Clinic
mi Midlands ,mi Kwekwe ,mi Dambridge Clinic
mi Midlands ,mi Kwekwe ,mi Dendera Rural Health Centre
mi Midlands ,mi Kwekwe ,mi Donjuan Clinic
mi Midlands ,mi Kwekwe ,mi Donza Rural Health Centre
mi Midlands ,mi Kwekwe ,mi Exchange Clinic
mi Midlands ,mi Kwekwe ,mi Gomola Clinic
mi Midlands ,mi Kwekwe ,mi Jena Mines Clinic
mi Midlands ,mi Kwekwe ,mi Kwekwe General Hospital
mi Midlands ,mi Kwekwe ,mi Malisa Joshepha Clinic
mi Midlands ,mi Kwekwe ,mi Malisa Zhombe Clinic
mi Midlands ,mi Kwekwe ,mi Mayoka Clinic
mi Midlands ,mi Kwekwe ,mi Mazebe Rural Health Centre
mi Midlands ,mi Kwekwe ,mi Mbizo 16 Clinic
mi Midlands ,mi Kwekwe ,mi Mbizo I Clinic
mi Midlands ,mi Kwekwe ,mi Mbizo II Clinic
mi Midlands ,mi Kwekwe ,mi Melsonia Clinic
mi Midlands ,mi Kwekwe ,mi Mlezu Clinic
mi Midlands ,mi Kwekwe ,mi Mpinda Clinic
mi Midlands ,mi Kwekwe ,mi Msilahobe Rural Health Centre
mi Midlands ,mi Kwekwe ,mi Munyati Clinic
mi Midlands ,mi Kwekwe ,mi Ntabeni Clinic
mi Midlands ,mi Kwekwe ,mi Nyoni Rural Health Centre
mi Midlands ,mi Kwekwe ,mi Redcliff Clinic
mi Midlands ,mi Kwekwe ,mi Rio Tinto Clinic
mi Midlands ,mi Kwekwe ,mi Rutendo Clinic
mi Midlands ,mi Kwekwe ,mi Samambwa Clinic
mi Midlands ,mi Kwekwe ,mi Sebakwe Clinic
mi Midlands ,mi Kwekwe ,mi Senkwazi Clinic
mi Midlands ,mi Kwekwe ,mi Sherwood Clinic
mi Midlands ,mi Kwekwe ,mi Sidakeni Clinic
mi Midlands ,mi Kwekwe ,mi Sigezibubi Clinic
mi Midlands ,mi Kwekwe ,mi Silobela  Hospital
mi Midlands ,mi Kwekwe ,mi Silobela Jackson Clinic
mi Midlands ,mi Kwekwe ,mi Simana Clinic
mi Midlands ,mi Kwekwe ,mi Torwood Clinic
mi Midlands ,mi Kwekwe ,mi Zhombe Mission Hospital
mi Midlands ,mi Mberengwa ,mi Bonda Clinic
mi Midlands ,mi Mberengwa ,mi Buchwa Camp Clinic
mi Midlands ,mi Mberengwa ,mi Chabwira Clinic
mi Midlands ,mi Mberengwa ,mi Chaza Clinic
mi Midlands ,mi Mberengwa ,mi Chidembeko Clinic
mi Midlands ,mi Mberengwa ,mi Chiedza Clinic
mi Midlands ,mi Mberengwa ,mi Chingezi Clinic
mi Midlands ,mi Mberengwa ,mi Gaha Clinic
mi Midlands ,mi Mberengwa ,mi Gwarawa Rural Health Centre
mi Midlands ,mi Mberengwa ,mi Imbahuru Clinic
mi Midlands ,mi Mberengwa ,mi Ingezi Clinic
mi Midlands ,mi Mberengwa ,mi Jeka Rural Hospital
mi Midlands ,mi Mberengwa ,mi Kotokwe Rural Health Centre
mi Midlands ,mi Mberengwa ,mi Marirazhombe RDC
mi Midlands ,mi Mberengwa ,mi Masase Mission Hospital
mi Midlands ,mi Mberengwa ,mi Mataga Health Centre
mi Midlands ,mi Mberengwa ,mi Mataga Rural Health Centre
mi Midlands ,mi Mberengwa ,mi Matedzi Clinic
mi Midlands ,mi Mberengwa ,mi Mavorovondo Rural Health Centre
mi Midlands ,mi Mberengwa ,mi Mazivofa Clinic
mi Midlands ,mi Mberengwa ,mi Mberengwa  Hospital
mi Midlands ,mi Mberengwa ,mi Mketi Clinic
mi Midlands ,mi Mberengwa ,mi Mnene Mission Hospital
mi Midlands ,mi Mberengwa ,mi Mponjani Clinic
mi Midlands ,mi Mberengwa ,mi Mposi Clinic
mi Midlands ,mi Mberengwa ,mi Murongwe Rural Health Centre
mi Midlands ,mi Mberengwa ,mi Musume Mission Hospital
mi Midlands ,mi Mberengwa ,mi Mwanezi Rural Health Centre
mi Midlands ,mi Mberengwa ,mi Negove Clinic
mi Midlands ,mi Mberengwa ,mi Neta Clinic
mi Midlands ,mi Mberengwa ,mi Ngungumbane Clinic
mi Midlands ,mi Mberengwa ,mi Sandawana Clinic
mi Midlands ,mi Mberengwa ,mi Vurasha Rural Health Centre
mi Midlands ,mi Mberengwa ,mi Vutsanana Clinic
mi Midlands ,mi Mberengwa ,mi Wanezi Rural Health Centre
mi Midlands ,mi Shurugwi ,mi Banga Clinic
mi Midlands ,mi Shurugwi ,mi Chikato Rural Health Centre
mi Midlands ,mi Shurugwi ,mi Chikwingwizha Mission Hospital
mi Midlands ,mi Shurugwi ,mi Chironde Rural Health Centre
mi Midlands ,mi Shurugwi ,mi Chitora Rural Health Centre
mi Midlands ,mi Shurugwi ,mi Dorset Rural Health Centre
mi Midlands ,mi Shurugwi ,mi Gamwa RDC
mi Midlands ,mi Shurugwi ,mi Golden Quarry Mine Clinic
mi Midlands ,mi Shurugwi ,mi Gundura Clinic
mi Midlands ,mi Shurugwi ,mi Gwanza Rural Health Centre
mi Midlands ,mi Shurugwi ,mi Hanke Clinic
mi Midlands ,mi Shurugwi ,mi Jobolinko Clinic
mi Midlands ,mi Shurugwi ,mi Makusha Clinic
mi Midlands ,mi Shurugwi ,mi Marishongwe Rural Health Centre
mi Midlands ,mi Shurugwi ,mi Mazibisa Clinic
mi Midlands ,mi Shurugwi ,mi Munikwa Clinic
mi Midlands ,mi Shurugwi ,mi Nhema Clinic
mi Midlands ,mi Shurugwi ,mi Pakame Clinic
mi Midlands ,mi Shurugwi ,mi Rockford Clinic
mi Midlands ,mi Shurugwi ,mi Ruchanyu Clinic
mi Midlands ,mi Shurugwi ,mi Rusike Rural Health Centre
mi Midlands ,mi Shurugwi ,mi Sebanga Polyclinic
mi Midlands ,mi Shurugwi ,mi Shurugwi  Hospital
mi Midlands ,mi Shurugwi ,mi Shurugwi Impali Private Hospital 
mi Midlands ,mi Shurugwi ,mi Svika Rural Health Centre
mi Midlands ,mi Shurugwi ,mi Tana Rural Health Centre
mi Midlands ,mi Shurugwi ,mi Tokwe Clinic
mi Midlands ,mi Shurugwi ,mi Tongogara Clinic
mi Midlands ,mi Shurugwi ,mi Totonga Clinic
mi Midlands ,mi Shurugwi ,mi Zhaugwe Rural Health Centre
mi Midlands ,mi Shurugwi ,mi Zvamabande Rural Hospital
mi Midlands ,mi Shurugwi ,mi Zvarota Rural Health Centre
mi Midlands ,mi Shurugwi ,mi Zviumwa RDC clinic
mi Midlands ,mi Zvishavane ,mi Chirere Clinic
mi Midlands ,mi Zvishavane ,mi Dadaya Training Centre Clinic
mi Midlands ,mi Zvishavane ,mi Dambudzo Clinic
mi Midlands ,mi Zvishavane ,mi Dayataya RHC Clinic
mi Midlands ,mi Zvishavane ,mi Gudo Clinic
mi Midlands ,mi Zvishavane ,mi Lundi Rural Hospital
mi Midlands ,mi Zvishavane ,mi Mabasa Clinic
mi Midlands ,mi Zvishavane ,mi Maketo Rural Health Centre
mi Midlands ,mi Zvishavane ,mi Mandava Health Centre
mi Midlands ,mi Zvishavane ,mi Mapanzure Clinic
mi Midlands ,mi Zvishavane ,mi Marira Clinic
mi Midlands ,mi Zvishavane ,mi Matenda Rural Health Centre
mi Midlands ,mi Zvishavane ,mi Mhondongori Rural Health Centre
mi Midlands ,mi Zvishavane ,mi Mimosa Clinic
mi Midlands ,mi Zvishavane ,mi Mrowa Clinic
mi Midlands ,mi Zvishavane ,mi Mtambi Clinic
mi Midlands ,mi Zvishavane ,mi Sabi Mine Clinic
mi Midlands ,mi Zvishavane ,mi Shabani Mine Hospital
mi Midlands ,mi Zvishavane ,mi Vugwi Rural Health Centre
mi Midlands ,mi Zvishavane ,mi Vukuzenzele Rural Health Centre
mi Midlands ,mi Zvishavane ,mi Welezi Clinic
mi Midlands ,mi Zvishavane ,mi ZPS Zvishavane Prison Clinic
mi Midlands ,mi Zvishavane ,mi Zvishavane  Hospital
mi Midlands ,mi Zvishavane ,mi Zvishavane ZRP Clinic
mi Midlands ,mi Gokwe South ,mi Gawa Clinic
mi Midlands ,mi Gokwe South ,mi Ndhlalambi RDC
mi Midlands ,mi Mberengwa ,mi Makuwerere Clinic
mi Midlands ,mi Mberengwa ,mi Svita Clinic
mn Matabeleland North ,mn Binga ,mn Binga  Hospital
mn Matabeleland North ,mn Binga ,mn Chibila Clinic
mn Matabeleland North ,mn Binga ,mn Chinego Rural Health Centre
mn Matabeleland North ,mn Binga ,mn Chipale Clinic
mn Matabeleland North ,mn Binga ,mn Chisizya Clinic
mn Matabeleland North ,mn Binga ,mn Chunga Rural Health Centre
mn Matabeleland North ,mn Binga ,mn Kariyangwe Mission Hospital
mn Matabeleland North ,mn Binga ,mn Lubimbi Rural Health Centre
mn Matabeleland North ,mn Binga ,mn Lusulu Rural Health Centre
mn Matabeleland North ,mn Binga ,mn Malaliya Clinic
mn Matabeleland North ,mn Binga ,mn Muchesu Rural Health Centre
mn Matabeleland North ,mn Binga ,mn Pashu Clinic
mn Matabeleland North ,mn Binga ,mn Siabuwa Rural Hospital
mn Matabeleland North ,mn Binga ,mn Siabuzuba Rural Health Centre
mn Matabeleland North ,mn Binga ,mn Siadindi Rural Health Centre
mn Matabeleland North ,mn Binga ,mn Siansundu Rural Health Centre
mn Matabeleland North ,mn Binga ,mn Sikajaya Andrew Muntanga Clinic
mn Matabeleland North ,mn Binga ,mn Simatelele Rural Health Centre
mn Matabeleland North ,mn Binga ,mn Sinakoma Clinic
mn Matabeleland North ,mn Binga ,mn Sinamunsanga Clinic
mn Matabeleland North ,mn Binga ,mn Sinansengwe Clinic
mn Matabeleland North ,mn Binga ,mn Tinde Clinic
mn Matabeleland North ,mn Binga ,mn ZPS Binga Prison Clinic
mn Matabeleland North ,mn Bubi ,mn Balanda Clinic
mn Matabeleland North ,mn Bubi ,mn Bona Clinic
mn Matabeleland North ,mn Bubi ,mn Famona Clinic
mn Matabeleland North ,mn Bubi ,mn Inyathi  Hospital
mn Matabeleland North ,mn Bubi ,mn Kenilworth Clinic
mn Matabeleland North ,mn Bubi ,mn Lukala Rural Health Centre
mn Matabeleland North ,mn Bubi ,mn Majiji Clinic
mn Matabeleland North ,mn Bubi ,mn Mdutshane Rural Health Centre
mn Matabeleland North ,mn Bubi ,mn Membeswana Rural Health Centre
mn Matabeleland North ,mn Bubi ,mn Raafs Rural Health Centre
mn Matabeleland North ,mn Bubi ,mn Siganda Clinic
mn Matabeleland North ,mn Bubi ,mn Turk Mine Clinic
mn Matabeleland North ,mn Hwange ,mn  Sinamatela Camp Clinic
mn Matabeleland North ,mn Hwange ,mn Chinotimba Clinic
mn Matabeleland North ,mn Hwange ,mn Chisuma RHC
mn Matabeleland North ,mn Hwange ,mn Dete NRZ Clinic
mn Matabeleland North ,mn Hwange ,mn Dete RHC
mn Matabeleland North ,mn Hwange ,mn Dinde RHC
mn Matabeleland North ,mn Hwange ,mn Empumalanga Clinic
mn Matabeleland North ,mn Hwange ,mn Five Miles Rural Hospital
mn Matabeleland North ,mn Hwange ,mn Hwange Colliery Hospital
mn Matabeleland North ,mn Hwange ,mn Hwange NRZ Surgery Clinic
mn Matabeleland North ,mn Hwange ,mn Jambezi RHC
mn Matabeleland North ,mn Hwange ,mn Kamativi RHC
mn Matabeleland North ,mn Hwange ,mn Kanywambizi RHC
mn Matabeleland North ,mn Hwange ,mn Leona RHC
mn Matabeleland North ,mn Hwange ,mn Lukosi Rural Hospital
mn Matabeleland North ,mn Hwange ,mn Lukunguni Clinic
mn Matabeleland North ,mn Hwange ,mn Lupote Clinic
mn Matabeleland North ,mn Hwange ,mn Mabale Clinic
mn Matabeleland North ,mn Hwange ,mn Main Camp Clinic
mn Matabeleland North ,mn Hwange ,mn Milonga Rural Health Center
mn Matabeleland North ,mn Hwange ,mn Mwakandara Rural Health Centre
mn Matabeleland North ,mn Hwange ,mn Mwemba Rural Health Centre
mn Matabeleland North ,mn Hwange ,mn Ndlovu Clinic
mn Matabeleland North ,mn Hwange ,mn No 1 Clinic
mn Matabeleland North ,mn Hwange ,mn NO 2 CLINIC
mn Matabeleland North ,mn Hwange ,mn NO 3 CLINIC
mn Matabeleland North ,mn Hwange ,mn NO 5 CLINIC
mn Matabeleland North ,mn Hwange ,mn Sidinda Rural Health Center
mn Matabeleland North ,mn Hwange ,mn Simangane Clinic
mn Matabeleland North ,mn Hwange ,mn Songwa RHC
mn Matabeleland North ,mn Hwange ,mn St Patricks Mission Hospital
mn Matabeleland North ,mn Hwange ,mn Victoria Falls  Hospital
mn Matabeleland North ,mn Hwange ,mn Wellness Clinic
mn Matabeleland North ,mn Hwange ,mn Zesa Chibondo Clinic
mn Matabeleland North ,mn Hwange ,mn ZESA Ingagula Clinic
mn Matabeleland North ,mn Hwange ,mn ZRP Hwange
mn Matabeleland North ,mn Hwange ,mn ZRP Victoria Falls
mn Matabeleland North ,mn Lupane ,mn Dandanda Rural Health Centre
mn Matabeleland North ,mn Lupane ,mn Dongamuzi Rural Health Centre
mn Matabeleland North ,mn Lupane ,mn Fatima Mission Clinic
mn Matabeleland North ,mn Lupane ,mn Gomoza Rural Health Centre
mn Matabeleland North ,mn Lupane ,mn Gwaai Rural Health Centre
mn Matabeleland North ,mn Lupane ,mn Jotsholo Clinic
mn Matabeleland North ,mn Lupane ,mn Kanyandavu Rural Health Centre
mn Matabeleland North ,mn Lupane ,mn Lake-Alice Clinic
mn Matabeleland North ,mn Lupane ,mn Lupaka Clinic
mn Matabeleland North ,mn Lupane ,mn Lupane Rural Health Centre
mn Matabeleland North ,mn Lupane ,mn Mdlankuzi Clinic
mn Matabeleland North ,mn Lupane ,mn Pupu Clinic
mn Matabeleland North ,mn Lupane ,mn St Luke's Mission Hospital
mn Matabeleland North ,mn Lupane ,mn St Paul's Mission Hospital
mn Matabeleland North ,mn Lupane ,mn Tshongogwe Mission Hospital
mn Matabeleland North ,mn Nkayi ,mn Dakamela Rural Hospital
mn Matabeleland North ,mn Nkayi ,mn Fanisoni Clinic
mn Matabeleland North ,mn Nkayi ,mn Guwe Clinic
mn Matabeleland North ,mn Nkayi ,mn Gwelutshena Clinic
mn Matabeleland North ,mn Nkayi ,mn Lutsha Clinic
mn Matabeleland North ,mn Nkayi ,mn Mateme Rural Health Centre
mn Matabeleland North ,mn Nkayi ,mn Mbuma Mission Hospital
mn Matabeleland North ,mn Nkayi ,mn Mdengelele Clinic
mn Matabeleland North ,mn Nkayi ,mn Nesigwe Clinic
mn Matabeleland North ,mn Nkayi ,mn Ngwaladi Rural Health Centre
mn Matabeleland North ,mn Nkayi ,mn Nkayi  Hospital
mn Matabeleland North ,mn Nkayi ,mn Sebhumane Clinic
mn Matabeleland North ,mn Nkayi ,mn Sesemba Clinic
mn Matabeleland North ,mn Nkayi ,mn Sikhobokhobo Clinic
mn Matabeleland North ,mn Nkayi ,mn Simbo RH Clinic
mn Matabeleland North ,mn Nkayi ,mn Sivalo Rural Health Centre
mn Matabeleland North ,mn Nkayi ,mn Vova
mn Matabeleland North ,mn Nkayi ,mn Zenka Rural Health Centre
mn Matabeleland North ,mn Nkayi ,mn Zinyangeni Clinic
mn Matabeleland North ,mn Nkayi ,mn ZPS Nkayi Prison Clinic
mn Matabeleland North ,mn Tsholotsho ,mn Bemba Clinic
mn Matabeleland North ,mn Tsholotsho ,mn Bubude Clinic
mn Matabeleland North ,mn Tsholotsho ,mn Dlamini Clinic
mn Matabeleland North ,mn Tsholotsho ,mn Jimila Clinic
mn Matabeleland North ,mn Tsholotsho ,mn Jowa Clinic
mn Matabeleland North ,mn Tsholotsho ,mn Kapane Clinic
mn Matabeleland North ,mn Tsholotsho ,mn Madlangombe Clinic
mn Matabeleland North ,mn Tsholotsho ,mn Makhaza Rural Health Centre
mn Matabeleland North ,mn Tsholotsho ,mn Mlagisa Rural Health Centre
mn Matabeleland North ,mn Tsholotsho ,mn Mpanedziba Clinic
mn Matabeleland North ,mn Tsholotsho ,mn Mtshayeli Rural Health Centre
mn Matabeleland North ,mn Tsholotsho ,mn Ngamo Clinic
mn Matabeleland North ,mn Tsholotsho ,mn Nkunzi Clinic
mn Matabeleland North ,mn Tsholotsho ,mn Phumula Mission Hospital
mn Matabeleland North ,mn Tsholotsho ,mn Samahuru Mission Clinc
mn Matabeleland North ,mn Tsholotsho ,mn Shaba Clinc
mn Matabeleland North ,mn Tsholotsho ,mn Sikente Clinic
mn Matabeleland North ,mn Tsholotsho ,mn Siphepha Rural Hospital
mn Matabeleland North ,mn Tsholotsho ,mn Sodaka Rural Health Centre
mn Matabeleland North ,mn Tsholotsho ,mn Tshefunye Clinic
mn Matabeleland North ,mn Tsholotsho ,mn Tshitatshawa Clinic
mn Matabeleland North ,mn Tsholotsho ,mn Tsholotsho  Hospital
mn Matabeleland North ,mn Tsholotsho ,mn Tsholotsho Urban Clinic
mn Matabeleland North ,mn Tsholotsho ,mn ZPS Tsholotsho Prison Clinic
mn Matabeleland North ,mn Umguza ,mn Bhekeni Clinic
mn Matabeleland North ,mn Umguza ,mn Bhumane Clinic
mn Matabeleland North ,mn Umguza ,mn Fingo Clinic
mn Matabeleland North ,mn Umguza ,mn Igusi Rural Health Centre
mn Matabeleland North ,mn Umguza ,mn Lozikeyi Clinic
mn Matabeleland North ,mn Umguza ,mn Maboleni Clinic
mn Matabeleland North ,mn Umguza ,mn Mbembesi Rural health Centre
mn Matabeleland North ,mn Umguza ,mn Nyamandlovu  Hospital
mn Matabeleland North ,mn Umguza ,mn Redwood Clinic
mn Matabeleland North ,mn Umguza ,mn St James Mission Clinic
mn Matabeleland North ,mn Umguza ,mn TG Silundika Clinic
mn Matabeleland North ,mn Umguza ,mn Umguza Council Clinic 
mn Matabeleland North ,mn Umguza ,mn Umuntu Clinic
mn Matabeleland North ,mn Umguza ,mn ZNA Imbizo Camp Hospital 
mn Matabeleland North ,mn Umguza ,mn ZNA Induna Clinic
mn Matabeleland North ,mn Umguza ,mn ZPS Anju Rural Health Centre
mn Matabeleland North ,mn Umguza ,mn ZPS Khami Max Prison Hospital
mn Matabeleland North ,mn Umguza ,mn ZPS Khami Medium Prison Clinic
mn Matabeleland North ,mn Umguza ,mn ZPS Khami Prison Staff Hospital
mn Matabeleland North ,mn Umguza ,mn ZPS Khami Remand Prison Clinic
mn Matabeleland North ,mn Umguza ,mn ZPS Mlondolozi Prison Clinic
mn Matabeleland North ,mn Umguza ,mn ZPS Ntabazinduna Prison Clinic
mn Matabeleland North ,mn Umguza ,mn ZRP Fairbridge Rural Health Centre
mn Matabeleland North ,mn Umguza ,mn ZRP Ntabazinduna Rural Health Centre
mn Matabeleland North ,mn Umguza ,mn Ntabazinduna Clinic
ms Matabeleland South ,ms Beitbridge ,ms Beitbridge CeSHHAR Sister's Clinic
ms Matabeleland South ,ms Beitbridge ,ms Beitbridge  Hospital
ms Matabeleland South ,ms Beitbridge ,ms Beitbridge ZRP Clinic
ms Matabeleland South ,ms Beitbridge ,ms Chamnangana Clinic
ms Matabeleland South ,ms Beitbridge ,ms Chaswingo Clinic
ms Matabeleland South ,ms Beitbridge ,ms Chikwalakwala Rural Health Centre
ms Matabeleland South ,ms Beitbridge ,ms Chitulipasi Rural Health Centre
ms Matabeleland South ,ms Beitbridge ,ms Dite Rural Health Centre
ms Matabeleland South ,ms Beitbridge ,ms Dulibadzimu Clinic
ms Matabeleland South ,ms Beitbridge ,ms Dulibadzimu Satelite Clinic
ms Matabeleland South ,ms Beitbridge ,ms Majini Rural Health Centre
ms Matabeleland South ,ms Beitbridge ,ms Makakabule Clinic
ms Matabeleland South ,ms Beitbridge ,ms Makombe Clinic
ms Matabeleland South ,ms Beitbridge ,ms Malabe Health post
ms Matabeleland South ,ms Beitbridge ,ms Masera Clinic
ms Matabeleland South ,ms Beitbridge ,ms Mazunga Clinic
ms Matabeleland South ,ms Beitbridge ,ms Mtetengwe Clinic
ms Matabeleland South ,ms Beitbridge ,ms Nottingham Rural Health Centre
ms Matabeleland South ,ms Beitbridge ,ms Shabwe Rural Health Centre
ms Matabeleland South ,ms Beitbridge ,ms Shashe Clinic
ms Matabeleland South ,ms Beitbridge ,ms Swereki Clinic
ms Matabeleland South ,ms Beitbridge ,ms Tongwe Clinic
ms Matabeleland South ,ms Beitbridge ,ms Tshabili clinic
ms Matabeleland South ,ms Beitbridge ,ms Wellness
ms Matabeleland South ,ms Beitbridge ,ms Wellness Centre
ms Matabeleland South ,ms Beitbridge ,ms Zezani Clinic
ms Matabeleland South ,ms Bulilima ,ms Bezu Clinic 
ms Matabeleland South ,ms Bulilima ,ms Dombodema Clinic
ms Matabeleland South ,ms Bulilima ,ms Gambu Clinic 
ms Matabeleland South ,ms Bulilima ,ms Hingwe Rural Health Centre
ms Matabeleland South ,ms Bulilima ,ms Huwana Clinic
ms Matabeleland South ,ms Bulilima ,ms Lady Barring Rural Hospital
ms Matabeleland South ,ms Bulilima ,ms Lady Stanley Rural Hospital
ms Matabeleland South ,ms Bulilima ,ms Madlambudzi Clinic
ms Matabeleland South ,ms Bulilima ,ms Makhulela Rural Health Centre
ms Matabeleland South ,ms Bulilima ,ms Malalume Clinic
ms Matabeleland South ,ms Bulilima ,ms Masendu Clinic
ms Matabeleland South ,ms Bulilima ,ms Matjinge Rural Health Centre
ms Matabeleland South ,ms Bulilima ,ms Mbimba Clinic
ms Matabeleland South ,ms Bulilima ,ms Ndiweni Clinic
ms Matabeleland South ,ms Bulilima ,ms Nswazwi Rural Health Centre
ms Matabeleland South ,ms Bulilima ,ms Sikhathini Clinic
ms Matabeleland South ,ms Bulilima ,ms Solusi Mission Clinic
ms Matabeleland South ,ms Bulilima ,ms Temateme Clinic
ms Matabeleland South ,ms Bulilima ,ms Tokwana Clinic
ms Matabeleland South ,ms Bulilima ,ms Village 13 Rural Health Centre
ms Matabeleland South ,ms Gwanda ,ms Buvuma Clinic
ms Matabeleland South ,ms Gwanda ,ms Colleen-bawn Clinic
ms Matabeleland South ,ms Gwanda ,ms Garanyemba Clinic
ms Matabeleland South ,ms Gwanda ,ms Gungwe RHC
ms Matabeleland South ,ms Gwanda ,ms Gwanda Provincial Hospital
ms Matabeleland South ,ms Gwanda ,ms Gwanda ZNFPC
ms Matabeleland South ,ms Gwanda ,ms Gwanda ZNFPC Clinic
ms Matabeleland South ,ms Gwanda ,ms Gwanda ZRP Clinic
ms Matabeleland South ,ms Gwanda ,ms Kafusi Clinic
ms Matabeleland South ,ms Gwanda ,ms Lushongwe Clinic
ms Matabeleland South ,ms Gwanda ,ms Makwe RHC
ms Matabeleland South ,ms Gwanda ,ms Manama Mission Hospital
ms Matabeleland South ,ms Gwanda ,ms Mandihongola RHC
ms Matabeleland South ,ms Gwanda ,ms Mapate Clinic
ms Matabeleland South ,ms Gwanda ,ms Mashaba Clinic
ms Matabeleland South ,ms Gwanda ,ms Mtshabezi Mission Hospital
ms Matabeleland South ,ms Gwanda ,ms Mzimuni Clinic
ms Matabeleland South ,ms Gwanda ,ms Nhwali RHC
ms Matabeleland South ,ms Gwanda ,ms Ntalale Clinic
ms Matabeleland South ,ms Gwanda ,ms Phakama Clinic
ms Matabeleland South ,ms Gwanda ,ms Selonga Clinic
ms Matabeleland South ,ms Gwanda ,ms Sengezane Clinic
ms Matabeleland South ,ms Gwanda ,ms Silikwe Clinic
ms Matabeleland South ,ms Gwanda ,ms Simbumbumbu RHC
ms Matabeleland South ,ms Gwanda ,ms Sitezi Clinic
ms Matabeleland South ,ms Gwanda ,ms Stanmore RHC
ms Matabeleland South ,ms Gwanda ,ms West Nicholson Clinic
ms Matabeleland South ,ms Gwanda ,ms ZPS Gwanda Prison Clinic
ms Matabeleland South ,ms Insiza ,ms Amazon Clinic
ms Matabeleland South ,ms Insiza ,ms Avoca Rural Hospital
ms Matabeleland South ,ms Insiza ,ms Filabusi  Hospital
ms Matabeleland South ,ms Insiza ,ms GSU Clinic
ms Matabeleland South ,ms Insiza ,ms Gwatemba Rural Health Centre
ms Matabeleland South ,ms Insiza ,ms Insiza Rural Health Centre
ms Matabeleland South ,ms Insiza ,ms Kombo Health Post
ms Matabeleland South ,ms Insiza ,ms Mabuze Rural Health Centre
ms Matabeleland South ,ms Insiza ,ms Mbondo Clinic
ms Matabeleland South ,ms Insiza ,ms Montrose Clinic
ms Matabeleland South ,ms Insiza ,ms Nkankezi Rural Health Centre
ms Matabeleland South ,ms Insiza ,ms Nyamime Rural Health Centre
ms Matabeleland South ,ms Insiza ,ms Sanale Rural Health Centre
ms Matabeleland South ,ms Insiza ,ms Saphila RDC
ms Matabeleland South ,ms Insiza ,ms Shangani Clinic
ms Matabeleland South ,ms Insiza ,ms Shangani Rural Hospital
ms Matabeleland South ,ms Insiza ,ms Singwambizi Clinic
ms Matabeleland South ,ms Insiza ,ms Singwango Clinic
ms Matabeleland South ,ms Insiza ,ms Wanezi Mission Hospital
ms Matabeleland South ,ms Insiza ,ms Zhulube Clinic
ms Matabeleland South ,ms Mangwe ,ms Bango Rural Health Centre
ms Matabeleland South ,ms Mangwe ,ms Dingumuzi Clinic
ms Matabeleland South ,ms Mangwe ,ms Embakwe Mission Clinic
ms Matabeleland South ,ms Mangwe ,ms Empandeni Mission Clinic
ms Matabeleland South ,ms Mangwe ,ms Ingwizi Rural Health Centre
ms Matabeleland South ,ms Mangwe ,ms Izimnyama Clinic
ms Matabeleland South ,ms Mangwe ,ms Macingwana 
ms Matabeleland South ,ms Mangwe ,ms Madabe Clinic
ms Matabeleland South ,ms Mangwe ,ms Mambale Clinic
ms Matabeleland South ,ms Mangwe ,ms Maninji Clinic
ms Matabeleland South ,ms Mangwe ,ms Marula Clinic
ms Matabeleland South ,ms Mangwe ,ms Mayobodo Rural Health Centre
ms Matabeleland South ,ms Mangwe ,ms Plumtree Border Post Clinic
ms Matabeleland South ,ms Mangwe ,ms Plumtree Hospital
ms Matabeleland South ,ms Mangwe ,ms Sanzukwi Clinic
ms Matabeleland South ,ms Mangwe ,ms St Annes Mission Hospital (Brunapeg)
ms Matabeleland South ,ms Mangwe ,ms Tshitshi Clinic
ms Matabeleland South ,ms Matobo ,ms Bazha Mission Clinic
ms Matabeleland South ,ms Matobo ,ms Beula-seula Rural Health Centre
ms Matabeleland South ,ms Matobo ,ms Cyrene Mission Clinic
ms Matabeleland South ,ms Matobo ,ms Ekukhanyeni Clinic
ms Matabeleland South ,ms Matobo ,ms Fumugwe Clinic
ms Matabeleland South ,ms Matobo ,ms Gulati Rural Health Center
ms Matabeleland South ,ms Matobo ,ms Homestead Rural Health Centre
ms Matabeleland South ,ms Matobo ,ms Kezi Rural Hospital
ms Matabeleland South ,ms Matobo ,ms Maphisa  Hospital
ms Matabeleland South ,ms Matobo ,ms Masiye Clinic
ms Matabeleland South ,ms Matobo ,ms Matopo Mission Clinic
ms Matabeleland South ,ms Matobo ,ms Matopo Rural Hospital
ms Matabeleland South ,ms Matobo ,ms Mbembeswane Clinic
ms Matabeleland South ,ms Matobo ,ms Mlugulu Clinic
ms Matabeleland South ,ms Matobo ,ms Natisa Rural Health Centre
ms Matabeleland South ,ms Matobo ,ms Ndabankulu Clinic
ms Matabeleland South ,ms Matobo ,ms Sankonjane Rural Health Centre
ms Matabeleland South ,ms Matobo ,ms Silozwi Clinic
ms Matabeleland South ,ms Matobo ,ms St Joseph's Mission Hospital
ms Matabeleland South ,ms Matobo ,ms Tshelanyemba Mission Hospital
ms Matabeleland South ,ms Umzingwane ,ms Dula Clinic
ms Matabeleland South ,ms Umzingwane ,ms Esibomvu Clinic
ms Matabeleland South ,ms Umzingwane ,ms Esigodini  Hospital
ms Matabeleland South ,ms Umzingwane ,ms Habane Clinic
ms Matabeleland South ,ms Umzingwane ,ms How Mine Clinic
ms Matabeleland South ,ms Umzingwane ,ms Irrisvale RHC
ms Matabeleland South ,ms Umzingwane ,ms Kumbudzi RHC
ms Matabeleland South ,ms Umzingwane ,ms Mawabeni Clinic
ms Matabeleland South ,ms Umzingwane ,ms Mbizingwe RHC
ms Matabeleland South ,ms Umzingwane ,ms Mhlahlandlela Clinic
ms Matabeleland South ,ms Umzingwane ,ms Mpisini RHC
ms Matabeleland South ,ms Umzingwane ,ms Mzingwane RHC
ms Matabeleland South ,ms Umzingwane ,ms Nhlangano Clinic
ms Matabeleland South ,ms Umzingwane ,ms Nswazi Clinic
ms Matabeleland South ,ms Umzingwane ,ms Ntshamathe Clinic
ms Matabeleland South ,ms Umzingwane ,ms Shale Clinic
ms Matabeleland South ,ms Umzingwane ,ms Umzingwane ZNA Clinic
ms Matabeleland South ,ms Umzingwane ,ms Zimbili clinic
ms Matabeleland South ,ms Beitbridge ,ms ZPS Beitbridge Prison Clinic
mv Masvingo ,mv Bikita ,mv Bikita Minerals Clinic
mv Masvingo ,mv Bikita ,mv Bikita Rural Hospital
mv Masvingo ,mv Bikita ,mv Budzi clinic
mv Masvingo ,mv Bikita ,mv Chibvure
mv Masvingo ,mv Bikita ,mv Chikuku Rural Hospital
mv Masvingo ,mv Bikita ,mv Chirorwe Rural Health Centre
mv Masvingo ,mv Bikita ,mv Chitasa Clinic
mv Masvingo ,mv Bikita ,mv Dewure I Rural Health Centre
mv Masvingo ,mv Bikita ,mv Gangare Rural Health Centre
mv Masvingo ,mv Bikita ,mv Gava Rural Health Centre
mv Masvingo ,mv Bikita ,mv Hozvi Clinic
mv Masvingo ,mv Bikita ,mv Mandara Clinic
mv Masvingo ,mv Bikita ,mv Marozva Clinic
mv Masvingo ,mv Bikita ,mv Mashoko Mission Hospital
mv Masvingo ,mv Bikita ,mv Mukanga Rural Health Centre
mv Masvingo ,mv Bikita ,mv Mukore Rural Health Centre
mv Masvingo ,mv Bikita ,mv Mungezi Rural Health Centre
mv Masvingo ,mv Bikita ,mv Mupamaonde clinic
mv Masvingo ,mv Bikita ,mv Murwira Clinic
mv Masvingo ,mv Bikita ,mv Mutikizizi Rural Health Centre
mv Masvingo ,mv Bikita ,mv Muvava Clinic
mv Masvingo ,mv Bikita ,mv Negovani Clinic
mv Masvingo ,mv Bikita ,mv Ngorima Rural Health Centre
mv Masvingo ,mv Bikita ,mv Nyika Rural Health Centre
mv Masvingo ,mv Bikita ,mv Odzi Clinic
mv Masvingo ,mv Bikita ,mv Ruponeso Clinic
mv Masvingo ,mv Bikita ,mv Shumbaimwe Clinic
mv Masvingo ,mv Bikita ,mv Silveira Mission Hospital
mv Masvingo ,mv Bikita ,mv ZRP Bikita Clinic
mv Masvingo ,mv Chiredzi ,mv Chambuta Clinic
mv Masvingo ,mv Chiredzi ,mv Chibvedziva Clinic
mv Masvingo ,mv Chiredzi ,mv Chikombedzi Mission Hospital
mv Masvingo ,mv Chiredzi ,mv Chikwirire  RHC
mv Masvingo ,mv Chiredzi ,mv Chilonga Rural Health Centre
mv Masvingo ,mv Chiredzi ,mv Chingele Clinic
mv Masvingo ,mv Chiredzi ,mv Chipiwa Clinic
mv Masvingo ,mv Chiredzi ,mv Chiredzi  Hospital
mv Masvingo ,mv Chiredzi ,mv Chitsa Clinic
mv Masvingo ,mv Chiredzi ,mv Chizvirizvi Rural Health Centre
mv Masvingo ,mv Chiredzi ,mv Chompani Clinic
mv Masvingo ,mv Chiredzi ,mv Damarakanaka Clinic
mv Masvingo ,mv Chiredzi ,mv Davata Rural Health Centre
mv Masvingo ,mv Chiredzi ,mv Dumisa Clinic
mv Masvingo ,mv Chiredzi ,mv Faversham Clinic
mv Masvingo ,mv Chiredzi ,mv Gezani Rural Health Centre
mv Masvingo ,mv Chiredzi ,mv Gudo Rural Health Centre
mv Masvingo ,mv Chiredzi ,mv Gwaseche Clinic
mv Masvingo ,mv Chiredzi ,mv Hippo Valley Private Hospital
mv Masvingo ,mv Chiredzi ,mv Makambe Clinic
mv Masvingo ,mv Chiredzi ,mv Malipati Rural Health Centre
mv Masvingo ,mv Chiredzi ,mv Masivamele Rhc
mv Masvingo ,mv Chiredzi ,mv Matedzi RHC
mv Masvingo ,mv Chiredzi ,mv Mhlanguleni Rural Health Centre
mv Masvingo ,mv Chiredzi ,mv Mkwasine Clinic
mv Masvingo ,mv Chiredzi ,mv Muteyo Rural Health Centre
mv Masvingo ,mv Chiredzi ,mv Neromwe Clinic
mv Masvingo ,mv Chiredzi ,mv Nyangambe Rural Health Centre
mv Masvingo ,mv Chiredzi ,mv Old Boli Rural Health Centre
mv Masvingo ,mv Chiredzi ,mv Pahlela Clinic
mv Masvingo ,mv Chiredzi ,mv Porepore Clinic
mv Masvingo ,mv Chiredzi ,mv Rupangwana Clinic
mv Masvingo ,mv Chiredzi ,mv Rusununguko Clinic
mv Masvingo ,mv Chiredzi ,mv Rutandare Clinic
mv Masvingo ,mv Chiredzi ,mv Samu Rural Health Centre
mv Masvingo ,mv Chiredzi ,mv Sango Border Post
mv Masvingo ,mv Chiredzi ,mv St Joseph Clinic
mv Masvingo ,mv Chiredzi ,mv Triangle Private Hospital
mv Masvingo ,mv Chiredzi ,mv Tshovani Clinic
mv Masvingo ,mv Chiredzi ,mv ZPS Chiredzi Prison Clinic
mv Masvingo ,mv Chivi ,mv Berejena Mission Hospital
mv Masvingo ,mv Chivi ,mv Bwanya Clinic
mv Masvingo ,mv Chivi ,mv Chasiyatende Clinic
mv Masvingo ,mv Chivi ,mv Chidyamakono Clinic
mv Masvingo ,mv Chivi ,mv Chifedza Clinic
mv Masvingo ,mv Chivi ,mv Chigwikwi Rural Health Centre
mv Masvingo ,mv Chivi ,mv Chirogwe Clinic
mv Masvingo ,mv Chivi ,mv Chivi  Hospital
mv Masvingo ,mv Chivi ,mv Chivi Mission Clinic
mv Masvingo ,mv Chivi ,mv Chivi Rural Hospital
mv Masvingo ,mv Chivi ,mv Davira Clinic
mv Masvingo ,mv Chivi ,mv Gororo Clinic
mv Masvingo ,mv Chivi ,mv Madamombe Clinic
mv Masvingo ,mv Chivi ,mv Madzivadondo Clinic
mv Masvingo ,mv Chivi ,mv Mandamabwe Rural Health Centre
mv Masvingo ,mv Chivi ,mv Masinire Clinic
mv Masvingo ,mv Chivi ,mv Ngundu Rural Health Centre
mv Masvingo ,mv Chivi ,mv Nyahombe Rural Health Centre
mv Masvingo ,mv Chivi ,mv Razi Rural Health Centre
mv Masvingo ,mv Chivi ,mv Shindi Satellite Clinic
mv Masvingo ,mv Chivi ,mv Takavarasha Rural Health Centre
mv Masvingo ,mv Chivi ,mv Vuranda Clinic
mv Masvingo ,mv Chivi ,mv Vutete Health Centre
mv Masvingo ,mv Chivi ,mv Zivuku Clinic
mv Masvingo ,mv Gutu ,mv Chepiri Clinic
mv Masvingo ,mv Gutu ,mv Cheshuro Clinic
mv Masvingo ,mv Gutu ,mv Chimombe Rural Hospital
mv Masvingo ,mv Gutu ,mv Chinyika Rural Hospital
mv Masvingo ,mv Gutu ,mv Chitando Rural Health Centre
mv Masvingo ,mv Gutu ,mv Chiwore Rural Health Centre
mv Masvingo ,mv Gutu ,mv Dambara Clinic
mv Masvingo ,mv Gutu ,mv Denhere Clinic
mv Masvingo ,mv Gutu ,mv Dewure Clinic
mv Masvingo ,mv Gutu ,mv Gutu Mission Hospital
mv Masvingo ,mv Gutu ,mv Gutu Rural Hospital
mv Masvingo ,mv Gutu ,mv Magombedze Chitsa Clinic
mv Masvingo ,mv Gutu ,mv Magombedze Clinic
mv Masvingo ,mv Gutu ,mv Majada Rural Health Centre
mv Masvingo ,mv Gutu ,mv Mataruse Clinic
mv Masvingo ,mv Gutu ,mv Matizha Rural Health Centre
mv Masvingo ,mv Gutu ,mv Mazuru Clinic
mv Masvingo ,mv Gutu ,mv Muchekayaora Clinic
mv Masvingo ,mv Gutu ,mv Mukaro Mission Hospital
mv Masvingo ,mv Gutu ,mv Munyikwa Clinic
mv Masvingo ,mv Gutu ,mv Mushaviri Rural Health Centre
mv Masvingo ,mv Gutu ,mv Mutema Rural Health Centre
mv Masvingo ,mv Gutu ,mv Mutero Mission Hospital
mv Masvingo ,mv Gutu ,mv Nemashakwe Rural Health Centre
mv Masvingo ,mv Gutu ,mv Nyazvidzi Clinic
mv Masvingo ,mv Gutu ,mv Serima Mission Hospital
mv Masvingo ,mv Gutu ,mv Soti Source Rural Health Centre
mv Masvingo ,mv Gutu ,mv Tirizi Satellite Clinic
mv Masvingo ,mv Gutu ,mv Zinhata Clinic
mv Masvingo ,mv Gutu ,mv Zvavahera Rural Health Centre
mv Masvingo ,mv Masvingo ,mv Alvord Rural Health Centre
mv Masvingo ,mv Masvingo ,mv Bere Clinic
mv Masvingo ,mv Masvingo ,mv Bondolfi Clinic
mv Masvingo ,mv Masvingo ,mv Charumbira Clinic
mv Masvingo ,mv Masvingo ,mv Chatikobo Clinic
mv Masvingo ,mv Masvingo ,mv Chisase Clinic
mv Masvingo ,mv Masvingo ,mv Gokomere Mission Clinic
mv Masvingo ,mv Masvingo ,mv Gundura Clinic
mv Masvingo ,mv Masvingo ,mv Gurajena Rural Health Centre
mv Masvingo ,mv Masvingo ,mv Guwa Rural Health Centre
mv Masvingo ,mv Masvingo ,mv Mapanzure Clinic
mv Masvingo ,mv Masvingo ,mv Masvingo Provincial Hospital
mv Masvingo ,mv Masvingo ,mv Mavizhu Clinic
mv Masvingo ,mv Masvingo ,mv Morgenster Mission Hospital
mv Masvingo ,mv Masvingo ,mv Mucheke
mv Masvingo ,mv Masvingo ,mv Mukosi Rural Health Centre
mv Masvingo ,mv Masvingo ,mv Murinye Clinic
mv Masvingo ,mv Masvingo ,mv Mushandike Rural Health Centre
mv Masvingo ,mv Masvingo ,mv Musingarabwi Clinic
mv Masvingo ,mv Masvingo ,mv Musvovi Rural Health Centre
mv Masvingo ,mv Masvingo ,mv Nemamwa Rural Health Centre
mv Masvingo ,mv Masvingo ,mv Ngomahuru Psychiatric Hospital
mv Masvingo ,mv Masvingo ,mv Ngomahuru Rural Health Centre
mv Masvingo ,mv Masvingo ,mv North West Medical Center Clinic
mv Masvingo ,mv Masvingo ,mv Nyajena Rural Hospital
mv Masvingo ,mv Masvingo ,mv Nyamande Clinic
mv Masvingo ,mv Masvingo ,mv Nyikavanhu Rural Health Centre
mv Masvingo ,mv Masvingo ,mv PSI Newstart Masvingo 
mv Masvingo ,mv Masvingo ,mv Renco Mine Clinic
mv Masvingo ,mv Masvingo ,mv Rucors Talitha Cumi Mission Hospital
mv Masvingo ,mv Masvingo ,mv Rujeko Clinic
mv Masvingo ,mv Masvingo ,mv Rukovo Clinic
mv Masvingo ,mv Masvingo ,mv Runyararo Clinic
mv Masvingo ,mv Masvingo ,mv Shonganiso Clinic
mv Masvingo ,mv Masvingo ,mv Shumba Clinic
mv Masvingo ,mv Masvingo ,mv Summerton Rural Health Centre
mv Masvingo ,mv Masvingo ,mv Wendedzo Clinic
mv Masvingo ,mv Masvingo ,mv Zano Clinic
mv Masvingo ,mv Masvingo ,mv Zimuto BC Clinic
mv Masvingo ,mv Masvingo ,mv Zimuto Mission Clinic
mv Masvingo ,mv Masvingo ,mv ZPS Mutimurefu Prison Clinic
mv Masvingo ,mv Masvingo ,mv Zvamahande Clinic
mv Masvingo ,mv Mwenezi ,mv Boterere Clinic
mv Masvingo ,mv Mwenezi ,mv Bubye River Ranch Clinic
mv Masvingo ,mv Mwenezi ,mv Chimbudzi Rural Health Centre
mv Masvingo ,mv Mwenezi ,mv Chingwizi Clinic
mv Masvingo ,mv Mwenezi ,mv Chirindi Rural Health Centre
mv Masvingo ,mv Mwenezi ,mv Chizumba Rural Health Centre
mv Masvingo ,mv Mwenezi ,mv G and N Clinic
mv Masvingo ,mv Mwenezi ,mv Lundi Clinic
mv Masvingo ,mv Mwenezi ,mv Maranda Clinic
mv Masvingo ,mv Mwenezi ,mv Maranda Sub Rural Health Centre
mv Masvingo ,mv Mwenezi ,mv Marinda Clinic
mv Masvingo ,mv Mwenezi ,mv Matibi Mission Hospital
mv Masvingo ,mv Mwenezi ,mv Mazetese Clinic
mv Masvingo ,mv Mwenezi ,mv Mlelezi Clinic
mv Masvingo ,mv Mwenezi ,mv Munyamani Rural Health Centre
mv Masvingo ,mv Mwenezi ,mv Murove Clinic
mv Masvingo ,mv Mwenezi ,mv Mushava Clinic
mv Masvingo ,mv Mwenezi ,mv Mwenezana Clinic
mv Masvingo ,mv Mwenezi ,mv Mwenezi Clinic
mv Masvingo ,mv Mwenezi ,mv Nehanda Rural Health Centre
mv Masvingo ,mv Mwenezi ,mv Neshuro  Hospital
mv Masvingo ,mv Mwenezi ,mv Rutenga Clinic
mv Masvingo ,mv Mwenezi ,mv Rutenga NRZ Clinic
mv Masvingo ,mv Mwenezi ,mv ZIMBABWE BIO ENERGY CLINIC
mv Masvingo ,mv Zaka ,mv Benzi Clinic
mv Masvingo ,mv Zaka ,mv Bota Clinic
mv Masvingo ,mv Zaka ,mv Bvukururu Clinic
mv Masvingo ,mv Zaka ,mv Chinyabako Clinic
mv Masvingo ,mv Zaka ,mv Chipinda Rural Health Centre
mv Masvingo ,mv Zaka ,mv Chiredzana Clinic
mv Masvingo ,mv Zaka ,mv Fube Clinic
mv Masvingo ,mv Zaka ,mv Harava Rural Health Centre
mv Masvingo ,mv Zaka ,mv Jerera Satellite Clinic
mv Masvingo ,mv Zaka ,mv Jichidza Council Clinic
mv Masvingo ,mv Zaka ,mv Jichidza Mission Clinic
mv Masvingo ,mv Zaka ,mv Machiva Clinic
mv Masvingo ,mv Zaka ,mv Mageza Clinic
mv Masvingo ,mv Zaka ,mv Mandhloro Clinic
mv Masvingo ,mv Zaka ,mv Murerekwa Clinic
mv Masvingo ,mv Zaka ,mv Mushaya Clinic
mv Masvingo ,mv Zaka ,mv Musiso Mission Hospital
mv Masvingo ,mv Zaka ,mv Ndanga Clinic
mv Masvingo ,mv Zaka ,mv Ndanga  Hospital
mv Masvingo ,mv Zaka ,mv Nemauku Rural Health Centre
mv Masvingo ,mv Zaka ,mv Nhema Clinic
mv Masvingo ,mv Zaka ,mv Njiva Clinic
mv Masvingo ,mv Zaka ,mv Nyakunhuwa Clinic
mv Masvingo ,mv Zaka ,mv Siyawareva Clinic
mv Masvingo ,mv Zaka ,mv Svuure Rural Health Centre
mv Masvingo ,mv Zaka ,mv Veza Clinic
mv Masvingo ,mv Zaka ,mv Zibwowa Rural Health Centre
mv Masvingo ,mv Bikita ,mv Dewure II Rural Health Centre
mv Masvingo ,mv Chiredzi ,mv Crownrange RHC
mv Masvingo ,mv Chiredzi ,mv Turkey heart RHC
mw Mashonaland West ,mw Chegutu ,mw Beersheba Mission Clinic
mw Mashonaland West ,mw Chegutu ,mw Brunswick Clinic
mw Mashonaland West ,mw Chegutu ,mw Chegutu Clinic
mw Mashonaland West ,mw Chegutu ,mw Chegutu  Hospital FCH
mw Mashonaland West ,mw Chegutu ,mw Chegutu  Hospital OPD
mw Mashonaland West ,mw Chegutu ,mw Chikara Clinic
mw Mashonaland West ,mw Chegutu ,mw Chinengundu Clinic
mw Mashonaland West ,mw Chegutu ,mw Chivero Clinic
mw Mashonaland West ,mw Chegutu ,mw Danangwe Rural  Council
mw Mashonaland West ,mw Chegutu ,mw Dombwe Clinic
mw Mashonaland West ,mw Chegutu ,mw Fanham Clinic
mw Mashonaland West ,mw Chegutu ,mw Glenluce Clinic
mw Mashonaland West ,mw Chegutu ,mw Gora Rural Health Centre
mw Mashonaland West ,mw Chegutu ,mw Homedale Clinic
mw Mashonaland West ,mw Chegutu ,mw Katanga Utano Clinic
mw Mashonaland West ,mw Chegutu ,mw Kent Estate Clinic
mw Mashonaland West ,mw Chegutu ,mw Lismore Clinic
mw Mashonaland West ,mw Chegutu ,mw Mafuti Clinic
mw Mashonaland West ,mw Chegutu ,mw Mbuyanehanda Rural Health Centre
mw Mashonaland West ,mw Chegutu ,mw Mhondoro North Clinic
mw Mashonaland West ,mw Chegutu ,mw Mhondoro Rural Hospital
mw Mashonaland West ,mw Chegutu ,mw Monera Rural Health Centre
mw Mashonaland West ,mw Chegutu ,mw Msengezi Rural Health Centre
mw Mashonaland West ,mw Chegutu ,mw Munemo Clinic
mw Mashonaland West ,mw Chegutu ,mw Mupawose Clinic
mw Mashonaland West ,mw Chegutu ,mw Mupfure Clinic
mw Mashonaland West ,mw Chegutu ,mw Musinami Rural Health Centre
mw Mashonaland West ,mw Chegutu ,mw Norton Hospital
mw Mashonaland West ,mw Chegutu ,mw Padre Pio Poly Clinic
mw Mashonaland West ,mw Chegutu ,mw Pfupajena Munic Clinic
mw Mashonaland West ,mw Chegutu ,mw Presbyterian Clinic
mw Mashonaland West ,mw Chegutu ,mw Rwizi Clinic
mw Mashonaland West ,mw Chegutu ,mw Sandringham Clinic
mw Mashonaland West ,mw Chegutu ,mw Santa Barbara Mission Clinic
mw Mashonaland West ,mw Chegutu ,mw Selous Clinic
mw Mashonaland West ,mw Chegutu ,mw Shamrock Clinic
mw Mashonaland West ,mw Chegutu ,mw Tasunungurwa Clinic
mw Mashonaland West ,mw Chegutu ,mw Watyoka Clinic
mw Mashonaland West ,mw Chegutu ,mw Zimplats Selous Clinic
mw Mashonaland West ,mw Hurungwe ,mw Beugest RDC Clinic
mw Mashonaland West ,mw Hurungwe ,mw Chibara Clinic
mw Mashonaland West ,mw Hurungwe ,mw Chidamoyo Mission Hospital
mw Mashonaland West ,mw Hurungwe ,mw Chinhere Clinic
mw Mashonaland West ,mw Hurungwe ,mw Chiroti Clinic
mw Mashonaland West ,mw Hurungwe ,mw Chirundu Rural Health Centre
mw Mashonaland West ,mw Hurungwe ,mw Chivende Rural Health Centre
mw Mashonaland West ,mw Hurungwe ,mw Chundu Clinic
mw Mashonaland West ,mw Hurungwe ,mw Dete Clinic
mw Mashonaland West ,mw Hurungwe ,mw Deve Clinic
mw Mashonaland West ,mw Hurungwe ,mw Doro Clinic
mw Mashonaland West ,mw Hurungwe ,mw Helwin Clinic
mw Mashonaland West ,mw Hurungwe ,mw Hesketh Clinic
mw Mashonaland West ,mw Hurungwe ,mw Hurungwe Rural Hospital
mw Mashonaland West ,mw Hurungwe ,mw Kapfunde Clinic
mw Mashonaland West ,mw Hurungwe ,mw Karoi CeSHHAR Sister's Clinic
mw Mashonaland West ,mw Hurungwe ,mw Karoi Hospital
mw Mashonaland West ,mw Hurungwe ,mw Karoi Static Clinic
mw Mashonaland West ,mw Hurungwe ,mw Karuru RDC Clinic
mw Mashonaland West ,mw Hurungwe ,mw Kasimure RHC
mw Mashonaland West ,mw Hurungwe ,mw Kazangarare Clinic
mw Mashonaland West ,mw Hurungwe ,mw Lanlory Clinic
mw Mashonaland West ,mw Hurungwe ,mw Lynx Clinic
mw Mashonaland West ,mw Hurungwe ,mw Makuti Rural Health Centre
mw Mashonaland West ,mw Hurungwe ,mw Masanga Rural Health Centre
mw Mashonaland West ,mw Hurungwe ,mw Mashongwe Clinic
mw Mashonaland West ,mw Hurungwe ,mw Masikati Clinic
mw Mashonaland West ,mw Hurungwe ,mw Moy RDC Clinic
mw Mashonaland West ,mw Hurungwe ,mw Murambe Clinic
mw Mashonaland West ,mw Hurungwe ,mw Mwami Rural Hospital
mw Mashonaland West ,mw Hurungwe ,mw Nyama clinic
mw Mashonaland West ,mw Hurungwe ,mw Nyamakate Clinic
mw Mashonaland West ,mw Hurungwe ,mw Nyamhunga Sengwe Clinic
mw Mashonaland West ,mw Hurungwe ,mw Nyangoma Clinic
mw Mashonaland West ,mw Hurungwe ,mw Tengwe Clinic
mw Mashonaland West ,mw Hurungwe ,mw Zvipani Rural Health Centre
mw Mashonaland West ,mw Kariba ,mw Chalala RDC Clinic
mw Mashonaland West ,mw Kariba ,mw Gache-Gache Rural Health Centre
mw Mashonaland West ,mw Kariba ,mw Kanyati Rural Health Centre
mw Mashonaland West ,mw Kariba ,mw Kariba  Hospital
mw Mashonaland West ,mw Kariba ,mw Kasvisva RDC Clinic
mw Mashonaland West ,mw Kariba ,mw Mahombekombe Clinic
mw Mashonaland West ,mw Kariba ,mw Mayovhe RDC clinic
mw Mashonaland West ,mw Kariba ,mw Mola Clinic
mw Mashonaland West ,mw Kariba ,mw Msampakaruma RDC Clinic
mw Mashonaland West ,mw Kariba ,mw Negande Rural Health Centre
mw Mashonaland West ,mw Kariba ,mw Nyamhunga (kab) Clinic
mw Mashonaland West ,mw Kariba ,mw Siyakobvu rural hospital
mw Mashonaland West ,mw Makonde ,mw Alaska Munic Clinic
mw Mashonaland West ,mw Makonde ,mw Ceshhar Chinhoyi
mw Mashonaland West ,mw Makonde ,mw Chikonohono Munic Clinic
mw Mashonaland West ,mw Makonde ,mw Chimanimani RDC Clinic
mw Mashonaland West ,mw Makonde ,mw Chinhoyi Munic Clinic
mw Mashonaland West ,mw Makonde ,mw Chinhoyi Provincial Hospital FCH
mw Mashonaland West ,mw Makonde ,mw Chinhoyi Provincial Hospital OPD
mw Mashonaland West ,mw Makonde ,mw Chinhoyi Univ of Tech Clinic
mw Mashonaland West ,mw Makonde ,mw Chipfuwamiti Clinic
mw Mashonaland West ,mw Makonde ,mw Doma RDC Clinic
mw Mashonaland West ,mw Makonde ,mw Gamanya RDC clinic
mw Mashonaland West ,mw Makonde ,mw Gandawasvika RDC Clinic
mw Mashonaland West ,mw Makonde ,mw Godzi RDC Clinic
mw Mashonaland West ,mw Makonde ,mw Green Valley RDC Clinic
mw Mashonaland West ,mw Makonde ,mw Gudubu Rural Health Centre
mw Mashonaland West ,mw Makonde ,mw Hombwe RDC Clinic
mw Mashonaland West ,mw Makonde ,mw Kamhonde Rural Health Centre
mw Mashonaland West ,mw Makonde ,mw Kamuzingizi RDC Clinic
mw Mashonaland West ,mw Makonde ,mw Kanyaga RDC Clinic
mw Mashonaland West ,mw Makonde ,mw Kenzamba Rural Health Centre
mw Mashonaland West ,mw Makonde ,mw Khosana Ranch RDCClinic
mw Mashonaland West ,mw Makonde ,mw Long Valley RDC Clinic
mw Mashonaland West ,mw Makonde ,mw Makonde Christ Hosp
mw Mashonaland West ,mw Makonde ,mw Makonde ZNFPC Clinic
mw Mashonaland West ,mw Makonde ,mw Manyamba Rural Health Centre
mw Mashonaland West ,mw Makonde ,mw Matoranjera RDC Clinic
mw Mashonaland West ,mw Makonde ,mw Mpata RDC Clinic
mw Mashonaland West ,mw Makonde ,mw Mukohwe RDC Clinic
mw Mashonaland West ,mw Makonde ,mw Murereka Rural Health Centre
mw Mashonaland West ,mw Makonde ,mw Mutala RDC Clinic
mw Mashonaland West ,mw Makonde ,mw Muzari Ployclinic Munic
mw Mashonaland West ,mw Makonde ,mw Naison Dip RDC Clinic
mw Mashonaland West ,mw Makonde ,mw Nyamugomba RDC Clinic
mw Mashonaland West ,mw Makonde ,mw Obva RDC Clinic
mw Mashonaland West ,mw Makonde ,mw Portlet RDC clinic
mw Mashonaland West ,mw Makonde ,mw Presbyterian Private Clinic
mw Mashonaland West ,mw Makonde ,mw River Ranch RDC Clinic
mw Mashonaland West ,mw Makonde ,mw RSHM Life Care Centre
mw Mashonaland West ,mw Makonde ,mw Runene RDCClinic
mw Mashonaland West ,mw Makonde ,mw Sadoma RDC Clinic
mw Mashonaland West ,mw Makonde ,mw Shackelton Municipal Clinic
mw Mashonaland West ,mw Makonde ,mw St Rupert's Mission Hospital
mw Mashonaland West ,mw Makonde ,mw Umboe RDC Clinic
mw Mashonaland West ,mw Makonde ,mw ZPS Chinhoyi Prison Clinic
mw Mashonaland West ,mw Makonde ,mw Zumbara Rural Health Centre
mw Mashonaland West ,mw Mhondoro ,mw Battlefieds  clinic
mw Mashonaland West ,mw Mhondoro ,mw Bururu RDC Clinic
mw Mashonaland West ,mw Mhondoro ,mw Chingondo RDC Clinic
mw Mashonaland West ,mw Mhondoro ,mw Cuba RDC Clinic
mw Mashonaland West ,mw Mhondoro ,mw Donain Rural Health Centre
mw Mashonaland West ,mw Mhondoro ,mw Dondoshava Rural Health Centre
mw Mashonaland West ,mw Mhondoro ,Mw Gavhunga RDC
mw Mashonaland West ,mw Mhondoro ,Mw Gweshe RDC
mw Mashonaland West ,mw Mhondoro ,mw Jondale Bumbe Rural Health Centre
mw Mashonaland West ,mw Mhondoro ,mw Mafindifindi RDC Clinic
mw Mashonaland West ,mw Mhondoro ,mw Manyewe RDC Clinic
mw Mashonaland West ,mw Mhondoro ,mw Manyoni Rural Health Centre
mw Mashonaland West ,mw Mhondoro ,mw Mukarati RDC Clinic
mw Mashonaland West ,mw Mhondoro ,mw Murambwa RDC Clinic
mw Mashonaland West ,mw Mhondoro ,mw Muzvezve Rural Health Centre
mw Mashonaland West ,mw Mhondoro ,mw Ngezi (mhondoro) Rural Hospital
mw Mashonaland West ,mw Mhondoro ,mw St Michael's Mission Hospital
mw Mashonaland West ,mw Mhondoro ,mw Turf Estate RDC Clinic
mw Mashonaland West ,mw Mhondoro ,mw Twintops RDC Clinic
mw Mashonaland West ,mw Mhondoro ,mw Zimplats Trauma Centre Private Clinic
mw Mashonaland West ,mw Sanyati ,mw Blackmovale Clinic
mw Mashonaland West ,mw Sanyati ,mw Carfex RDC Clinic
mw Mashonaland West ,mw Sanyati ,mw Chakari Mine Clinic
mw Mashonaland West ,mw Sanyati ,mw Chegutu 6 Clinic
mw Mashonaland West ,mw Sanyati ,mw Chemukute Municipal Clinic
mw Mashonaland West ,mw Sanyati ,mw Chirikiti RDC Clinic
mw Mashonaland West ,mw Sanyati ,mw Golden Valley Mine Clinic
mw Mashonaland West ,mw Sanyati ,mw Jompani Rural Health Centre
mw Mashonaland West ,mw Sanyati ,mw Kadoma CeSHHAR Sister's Clinic
mw Mashonaland West ,mw Sanyati ,mw Kadoma General Hospital (FCH)
mw Mashonaland West ,mw Sanyati ,mw Kadoma General Hospital (OPD)
mw Mashonaland West ,mw Sanyati ,mw Kadoma ZRP Clinic
mw Mashonaland West ,mw Sanyati ,mw Muuyu RDC Clinic
mw Mashonaland West ,mw Sanyati ,mw New Geja Rural Health Centre
mw Mashonaland West ,mw Sanyati ,mw Ngezi Municipal_Clinic
mw Mashonaland West ,mw Sanyati ,mw Nyabango Rural Health Centre
mw Mashonaland West ,mw Sanyati ,mw Nyamatani Rural Health Centre
mw Mashonaland West ,mw Sanyati ,mw Nyaonde Rural Health Centre
mw Mashonaland West ,mw Sanyati ,mw Ordoff RDC Clinic
mw Mashonaland West ,mw Sanyati ,mw Patchway RDC Clinic
mw Mashonaland West ,mw Sanyati ,mw Perseverance Army Clinic
mw Mashonaland West ,mw Sanyati ,mw Rimuka MCH Municipal Clinic
mw Mashonaland West ,mw Sanyati ,mw Rimuka Municipal Clinic
mw Mashonaland West ,mw Sanyati ,mw Sanyati Mission Hospital
mw Mashonaland West ,mw Sanyati ,mw Sanyati RDC Clinic
mw Mashonaland West ,mw Sanyati ,mw Vere Rural Health Centre
mw Mashonaland West ,mw Sanyati ,mw Waverly Municipal Clinic
mw Mashonaland West ,mw Sanyati ,mw ZPS Kadoma Prison Clinic
mw Mashonaland West ,mw Zvimba ,mw Arda Sisi RDC Clinic
mw Mashonaland West ,mw Zvimba ,mw Aryshire Mine Clinic
mw Mashonaland West ,mw Zvimba ,mw Ayshire RDC Clinic
mw Mashonaland West ,mw Zvimba ,mw Banket  Hospital MCH
mw Mashonaland West ,mw Zvimba ,mw Banket  Hospital OPD
mw Mashonaland West ,mw Zvimba ,mw Bervking
mw Mashonaland West ,mw Zvimba ,mw Chikeya RDC Clinic
mw Mashonaland West ,mw Zvimba ,mw Chirau RDC Clinic
mw Mashonaland West ,mw Zvimba ,mw Chivhere Rural Health Centre
mw Mashonaland West ,mw Zvimba ,mw Darwendale Rural Hospital
mw Mashonaland West ,mw Zvimba ,mw Dzivaresekwa gvt Clinic
mw Mashonaland West ,mw Zvimba ,mw Father O'Hea Mission Hospital
mw Mashonaland West ,mw Zvimba ,mw Gwebi Rural Health Centre
mw Mashonaland West ,mw Zvimba ,mw Herbert Chitepo
mw Mashonaland West ,mw Zvimba ,mw Inamo Farming Clinic
mw Mashonaland West ,mw Zvimba ,mw Inkomo ARMY Mech Field Coy Clinic
mw Mashonaland West ,mw Zvimba ,mw Jari RDC Clinic
mw Mashonaland West ,mw Zvimba ,mw Kemurara RDC Clinic
mw Mashonaland West ,mw Zvimba ,mw Kutama RDC Clinic
mw Mashonaland West ,mw Zvimba ,mw Kuwadzana RDC Clinic
mw Mashonaland West ,mw Zvimba ,mw Lospen Farming Clinic
mw Mashonaland West ,mw Zvimba ,mw Madzorera RDC Clinic
mw Mashonaland West ,mw Zvimba ,mw Mapinga RDC Clinic
mw Mashonaland West ,mw Zvimba ,mw Masiyarwa RDC Clinic
mw Mashonaland West ,mw Zvimba ,mw Mount Hampden RDC Clinic
mw Mashonaland West ,mw Zvimba ,mw Mpumbu RDC Clinic
mw Mashonaland West ,mw Zvimba ,mw Muriel Mine Clinic
mw Mashonaland West ,mw Zvimba ,mw Mutorashanga RDC Hospital
mw Mashonaland West ,mw Zvimba ,mw North Middle Dyke Clinic
mw Mashonaland West ,mw Zvimba ,mw Nyabira RDC Clinic
mw Mashonaland West ,mw Zvimba ,mw Raffingora Rural Hospital
mw Mashonaland West ,mw Zvimba ,mw Rasper RDC Clinic
mw Mashonaland West ,mw Zvimba ,mw Sutton RDC Clinic
mw Mashonaland West ,mw Zvimba ,mw TRB RDC Clinic
mw Mashonaland West ,mw Zvimba ,mw Trelawney RDC Clinic
mw Mashonaland West ,mw Zvimba ,mw Zowa RDCClinic
mw Mashonaland West ,mw Zvimba ,mw Zvimba Rural Hospital
mw Mashonaland West ,mw Hurungwe ,mw Zebra Downs Clinic
mw Mashonaland West ,mw Zvimba ,mw Paramedical ARMY Hospital
mw Mashonaland West ,mw Zvimba ,mw Vanad RDC Clinic
