province,district,name
Bulawayo,Bulawayo,Cowdray Park Clinic
Bulawayo,Bulawayo,Emakhandeni Clinic
Bulawayo,Bulawayo,Entumbane Clinic
Bulawayo,Bulawayo,Ingutsheni Central Hospital
Bulawayo,Bulawayo,Luveve Clinic
Bulawayo,Bulawayo,Magwegwe Clinic
Bulawayo,Bulawayo,Maqhawe Clinic
Bulawayo,Bulawayo,Mpilo Central Hospital
Bulawayo,Bulawayo,Mzilikazi Clinic
Bulawayo,Bulawayo,Njube Clinic
Bulawayo,Bulawayo,Nketa Clinic
Bulawayo,Bulawayo,Nkulumane Clinic
Bulawayo,Bulawayo,Northern Suburbs Clinic
Bulawayo,Bulawayo,Pelandaba Clinic
Bulawayo,Bulawayo,Princess Margaret Clinic
Bulawayo,Bulawayo,Pumula Clinic
Bulawayo,Bulawayo,Pumula South Clinic
Bulawayo,Bulawayo,Tshabalala Clinic
Harare,Harare,Avondale Clinic
Harare,Harare,Borrowdale Clinic
Harare,Harare,Glen Norah Satellite Clinic
Harare,Harare,Glen View Satellite Clinic
Harare,Harare,Hatfield Clinic
Harare,Harare,Kuwadzana Phase 4 Clinic
Harare,Harare,Mabelreign Satellite Clinic
Harare,Harare,Matapi Clinic
Harare,Harare,Mbare Hostels Clinic
Harare,Harare,Southerton Clinic
Harare,Harare,Waterfalls Clinic
Harare,Harare,Western Triangle Clinic
Harare,Harare,Arcadia Clinic
Manicaland,Buhera,Bangure Clinic
Manicaland,Buhera,Betera Rural Health Centre
Manicaland,Buhera,Buhera Rural Hospital
Manicaland,Buhera,Chabata Clinic
Manicaland,Buhera,Chapanduka Clinic
Manicaland,Buhera,Chapwanya Clinic
Manicaland,Buhera,Chimbudzi Clinic
Manicaland,Buhera,Chirozva Clinic
Manicaland,Buhera,Chiwenga Clinic
Manicaland,Buhera,Gombe Clinic
Manicaland,Buhera,Gunura Clinic
Manicaland,Buhera,Madzimbashuro Rural Health Centre
Manicaland,Buhera,Mombeyarara Rural Health Centre
Manicaland,Buhera,Mudanda Clinic
Manicaland,Buhera,Mudawose Clinic
Manicaland,Buhera,Munyanyi Clinic
Manicaland,Buhera,Murwira Rural Health Centre
Manicaland,Buhera,Mutepfe Clinic
Manicaland,Buhera,Mutiusinazita Clinic
Manicaland,Buhera,Muzokomba Clinic
Manicaland,Buhera,Nerutanga Clinic
Manicaland,Buhera,Zangama Rural Health Centre
Manicaland,Chimanimani,Arda Rusitu Clinic
Manicaland,Chimanimani,Biriwiri Rural Hospital
Manicaland,Chimanimani,Bumba Rural Health Centre
Manicaland,Chimanimani,Chakohwa Clinic
Manicaland,Chimanimani,Changazi Rural Health Centre
Manicaland,Chimanimani,Charter Clinic
Manicaland,Chimanimani,Chayamiti Rural Health Centre
Manicaland,Chimanimani,Chikukwa Rural Health Centre
Manicaland,Chimanimani,Chikwakwa Clinic
Manicaland,Chimanimani,Chikwizi Clinic
Manicaland,Chimanimani,Chimanimani Rural Hospital
Manicaland,Chimanimani,Chimanimani Urban Clinic
Manicaland,Chimanimani,Chisengu Clinic
Manicaland,Chimanimani,Gudyanga Clinic
Manicaland,Chimanimani,Gwendingwe Clinic
Manicaland,Chimanimani,Hlabiso Clinic
Manicaland,Chimanimani,Mhakwe clinic
Manicaland,Chimanimani,Mhandarume clinic
Manicaland,Chimanimani,Muchadziya Rural Health Centre
Manicaland,Chimanimani,Mutambara Mission Hospital
Manicaland,Chimanimani,Mutsvangwa Clinic
Manicaland,Chimanimani,Ngorima Clinic
Manicaland,Chimanimani,Nhedziwa Clinic
Manicaland,Chimanimani,Nyabamba Clinic
Manicaland,Chimanimani,Nyahode Clinic
Manicaland,Chimanimani,Roscommon Clinic
Manicaland,Chimanimani,Runyararo Hospital
Manicaland,Chimanimani,Rusitu Mission Hospital
Manicaland,Chimanimani,Saziya clinic
Manicaland,Chimanimani,Shinja Clinic
Manicaland,Chimanimani,Tilbury Clinic
Manicaland,Chipinge,Chibuwe Clinic
Manicaland,Chipinge,Chichichi Clinic
Manicaland,Chipinge,Chikore Mission Hospital
Manicaland,Chipinge,Chipangayi Clinic
Manicaland,Chipinge,Chipinge Town Clinic
Manicaland,Chipinge,Chisuma Clinic
Manicaland,Chipinge,Gumira Clinic
Manicaland,Chipinge,Gwenzi Clinic
Manicaland,Chipinge,Jersey Clinic
Manicaland,Chipinge,Junction Gate Clinic
Manicaland,Chipinge,Kondo Clinic
Manicaland,Chipinge,Manzvire Clinic
Manicaland,Chipinge,Musani Clinic
Manicaland,Chipinge,Mutandahwe Clinic
Manicaland,Chipinge,Mutema Clinic
Manicaland,Chipinge,Nyunga Clinic
Manicaland,Chipinge,Ratelshoek Clinic
Manicaland,Chipinge,Rimbi Clinic
Manicaland,Chipinge,Zona Clinic
Manicaland,Makoni,Bamba Rural Health Centre
Manicaland,Makoni,Chiduku Clinic
Manicaland,Makoni,Chikobvore Rural Health Centre
Manicaland,Makoni,Chikore Clinic
Manicaland,Makoni,Chinhenga Rural Health Centre
Manicaland,Makoni,Chinyadza Clinic
Manicaland,Makoni,Chinyika 1 Rural Health Centre
Manicaland,Makoni,Chinyika 2 Rural Health Centre
Manicaland,Makoni,Chinyudze Rural Health Centre
Manicaland,Makoni,Chitungwiza Clinic
Manicaland,Makoni,Dowa Clinic
Manicaland,Makoni,Gowakowa Rural Health Centre
Manicaland,Makoni,Headlands Clinic
Manicaland,Makoni,Katsenga Rural Health Centre
Manicaland,Makoni,Makoni Rural Hospital
Manicaland,Makoni,Maparura Rural Health Centre
Manicaland,Makoni,Masvosva Rural Health Centre
Manicaland,Makoni,Matsika Clinic
Manicaland,Makoni,Maurice Nyagumbo Clinic
Manicaland,Makoni,Mavhudzi Clinic
Manicaland,Makoni,Mayo 1 Rural Health Centre
Manicaland,Makoni,Mayo 2 Rural Health Centre
Manicaland,Makoni,Mubvurungwa Clinic
Manicaland,Makoni,Mufusire Clinic
Manicaland,Makoni,Mukamba Clinic
Manicaland,Makoni,Nedziwa Clinic
Manicaland,Makoni,Nyahowe Rural Health Centre
Manicaland,Makoni,Nyahukwe Rural Health Centre
Manicaland,Makoni,Nyamidzi Clinic
Manicaland,Makoni,Nyamukamani Rural Health Centre
Manicaland,Makoni,Nyamusosa Clinic
Manicaland,Makoni,Nyazura Clinic
Manicaland,Makoni,Nyazura Mission Clinic
Manicaland,Makoni,Ringanayi Clinic
Manicaland,Makoni,Rukweza Clinic
Manicaland,Makoni,Sangano Clinic
Manicaland,Makoni,Tandi Clinic
Manicaland,Makoni,Tsanzaguru Clinic
Manicaland,Makoni,Vengere Clinic
Manicaland,Makoni,Weya Rural Hospital
Manicaland,Mutare,Arda Odzi Clinic
Manicaland,Mutare,Bakorenhema Clinic
Manicaland,Mutare,Burma Valley Clinic
Manicaland,Mutare,Chipfatsura Clinic
Manicaland,Mutare,Chishingwi Clinic
Manicaland,Mutare,Chitaka Clinic
Manicaland,Mutare,Chitakatira Clinic
Manicaland,Mutare,Chitora Clinic
Manicaland,Mutare,Dora Clinic
Manicaland,Mutare,Florida Clinic
Manicaland,Mutare,Gutaurare Rural Health Centre
Manicaland,Mutare,Gwindingwi Rural Health Centre
Manicaland,Mutare,Mambwere Clinic
Manicaland,Mutare,Marange Rural Hospital
Manicaland,Mutare,Masasi Clinic
Manicaland,Mutare,Mavhiza Clinic
Manicaland,Mutare,Munyarari Clinic
Manicaland,Mutare,Muromo Rural Health Centre
Manicaland,Mutare,Mushunje Clinic
Manicaland,Mutare,Nyagundi Rural Health Centre
Manicaland,Mutare,Nyamazura Rural Health Centre
Manicaland,Mutare,Nzvenga Clinic
Manicaland,Mutare,Rowa Clinic
Manicaland,Mutare,Vumba Clinic
Manicaland,Mutare,Zimunya Clinic
Manicaland,Mutare,Zumbare Clinic
Manicaland,Mutasa,Bonda Mission Hospital
Manicaland,Mutasa,Chavhanga Rural Health Centre
Manicaland,Mutasa,Gatsi Mission Clinic
Manicaland,Mutasa,Hauna Clinic
Manicaland,Mutasa,Jombe Clinic
Manicaland,Mutasa,Mapara Clinic
Manicaland,Mutasa,Old Mutare Mission Hospital
Manicaland,Mutasa,Rupinda Rural Health Centre
Manicaland,Mutasa,Sachisuko Clinic
Manicaland,Mutasa,Sherukuru Rural Health Centre
Manicaland,Mutasa,Tsonzo Rural Hospital
Manicaland,Mutasa,Zindi Clinic
Manicaland,Nyanga,Avilla Mission Hospital
Manicaland,Nyanga,Chatindo Clinic
Manicaland,Nyanga,Chiwarira Clinic
Manicaland,Nyanga,Claremont Estate Clinic
Manicaland,Nyanga,Dazi Clinic
Manicaland,Nyanga,Dombo Rural Health Centre
Manicaland,Nyanga,Elim Mission Hospital
Manicaland,Nyanga,Erin Forest Estate Clinic
Manicaland,Nyanga,Fombe Rural Health Centre
Manicaland,Nyanga,Gairezi Rural Health Centre
Manicaland,Nyanga,Gotekote Rural Health Centre
Manicaland,Nyanga,Kambudzi Clinic
Manicaland,Nyanga,Mapako Clinic
Manicaland,Nyanga,Matize Rural Health Centre
Manicaland,Nyanga,Mount Melleray Mission Hospital
Manicaland,Nyanga,Munemo Clinic
Manicaland,Nyanga,Nyadowa Clinic
Manicaland,Nyanga,Nyafaru Clinic
Manicaland,Nyanga,Nyajezi Clinic
Manicaland,Nyanga,Nyamaropa Clinic
Manicaland,Nyanga,Nyamombe Clinic
Manicaland,Nyanga,Nyarumvurwe Rural Health Centre
Manicaland,Nyanga,Nyatate Clinic
Manicaland,Nyanga,Nyautare Rural Health Centre
Manicaland,Nyanga,Regina Coeli Mission Hospital
Manicaland,Nyanga,Ruchera Rural Health Centre
Manicaland,Nyanga,Sabvure Clinic
Manicaland,Nyanga,Tombo Clinic
Manicaland,Chimanimani,Nyanyadzi Rural Hospital
Manicaland,Mutare,Chiadzwa Rural Health Centre
Manicaland,Nyanga,Bende Clinic
Manicaland,Nyanga,Spring Valley Clinic
Mashonaland Central,Bindura,Bindura Provincial Hospital
Mashonaland Central,Bindura,Chipadze Clinic
Mashonaland Central,Bindura,Chiriseri Clinic
Mashonaland Central,Bindura,Chiveso Rural Health Centre
Mashonaland Central,Bindura,Chiwaridzo Clinic
Mashonaland Central,Bindura,Foothills Clinic
Mashonaland Central,Bindura,Freda Rebecca Clinic
Mashonaland Central,Bindura,Glamorgan Clinic
Mashonaland Central,Bindura,Katanya Clinic
Mashonaland Central,Bindura,Manga Rural Health Centre
Mashonaland Central,Bindura,Manhenga Clinic
Mashonaland Central,Bindura,Muonwe Rural Health Centre
Mashonaland Central,Bindura,Mupandira Rural Health Centre
Mashonaland Central,Bindura,Nyava Clinic
Mashonaland Central,Bindura,Rusununguko Clinic
Mashonaland Central,Bindura,Rutope Clinic
Mashonaland Central,Bindura,Takunda Rural Health Centre
Mashonaland Central,Bindura,Trojan Nickel Clinic
Mashonaland Central,Centenary,Chiwenga Clinic
Mashonaland Central,Guruve,Bakasa Clinic
Mashonaland Central,Guruve,Bepura Clinic
Mashonaland Central,Guruve,Brandon Clinic
Mashonaland Central,Guruve,Chipuriro Clinic
Mashonaland Central,Guruve,Gota Clinic
Mashonaland Central,Guruve,Kachuta Clinic
Mashonaland Central,Guruve,Matsvitsi Clinic
Mashonaland Central,Guruve,Nyakapupu Clinic
Mashonaland Central,Guruve,Ruyamuro Clinic
Mashonaland Central,Mazowe,Bare Clinic
Mashonaland Central,Mazowe,Christon Bank Clinic
Mashonaland Central,Mazowe,Dambo Clinic
Mashonaland Central,Mazowe,Davaar Clinic
Mashonaland Central,Mazowe,Donje Clinic
Mashonaland Central,Mazowe,Forrester Clinic
Mashonaland Central,Mazowe,Howard Mission Hospital
Mashonaland Central,Mazowe,Iron Duke Clinic
Mashonaland Central,Mazowe,Jingamvura Clinic
Mashonaland Central,Mazowe,Makope Clinic
Mashonaland Central,Mazowe,Mazowe Mine Clinic
Mashonaland Central,Mazowe,Mvurwi Hospital
Mashonaland Central,Mazowe,Nzvimbo Clinic
Mashonaland Central,Mazowe,Rosa Rural Hospital
Mashonaland Central,Mazowe,Shopo Clinic
Mashonaland Central,Mazowe,Tsungubvi Clinic
Mashonaland Central,Mbire,Angwa Clinic
Mashonaland Central,Mbire,Chapoto Clinic
Mashonaland Central,Mbire,Chidodo Clinic
Mashonaland Central,Mbire,Chikafa Clinic
Mashonaland Central,Mbire,Chirunya Clinic
Mashonaland Central,Mbire,Chitsungo Mission Hospital
Mashonaland Central,Mbire,Gonono Clinic
Mashonaland Central,Mbire,Mahuwe Clinic
Mashonaland Central,Mbire,Masoka Clinic
Mashonaland Central,Mbire,Masomo Clinic
Mashonaland Central,Mbire,Musengezi Clinic
Mashonaland Central,Mbire,Mushumbi RHC
Mashonaland Central,Mbire,Nyambudzi Clinic
Mashonaland Central,Mount Darwin,Chawanda Clinic
Mashonaland Central,Mount Darwin,Chitepo Clinic
Mashonaland Central,Mount Darwin,Chitse Clinic
Mashonaland Central,Mount Darwin,Kaitano Clinic
Mashonaland Central,Mount Darwin,Karanda Mission Hospital
Mashonaland Central,Mount Darwin,Matope Clinic
Mashonaland Central,Mount Darwin,Mukumbura Clinic
Mashonaland Central,Mount Darwin,Mutasa Clinic
Mashonaland Central,Mount Darwin,Mutungagore Clinic
Mashonaland Central,Mount Darwin,Pachanza Clinic
Mashonaland Central,Rushinga,Bungwe Clinic
Mashonaland Central,Rushinga,Chimandau Rural Health Centre
Mashonaland Central,Rushinga,Chimhanda Clinic
Mashonaland Central,Rushinga,Ganganyama Clinic
Mashonaland Central,Rushinga,Mary Mount Mission Hospital
Mashonaland Central,Rushinga,Mazowe Bridge Rural Health Centre
Mashonaland Central,Rushinga,Mukonde Rural Health Centre
Mashonaland Central,Rushinga,Mukosa Rural Health Centre
Mashonaland Central,Rushinga,Nyamatikiti Rural Health Centre
Mashonaland Central,Rushinga,Rusambo Clinic
Mashonaland Central,Rushinga,Rushinga Rural Health Centre
Mashonaland Central,Shamva,Bushu Clinic
Mashonaland Central,Shamva,Chidembo Clinic
Mashonaland Central,Shamva,Chihuri Clinic
Mashonaland Central,Shamva,Chipoli Clinic
Mashonaland Central,Shamva,Chishapa Clinic
Mashonaland Central,Shamva,Goora Rural Health Centre
Mashonaland Central,Shamva,Madziwa Rural Hospital
Mashonaland Central,Shamva,Madziwa Teachers' College
Mashonaland Central,Shamva,Mliti clinic
Mashonaland Central,Shamva,Mupfurudzi Rural Health Centre
Mashonaland Central,Shamva,Nyamaropa Rural Health Centre
Mashonaland Central,Shamva,Nyamaruro Rural Health Centre
Mashonaland Central,Shamva,Shamva Gold Mine Clinic
Mashonaland Central,Shamva,Takawira Clinic
Mashonaland Central,Shamva,Wadzanai Clinic
Mashonaland East,Chikomba,Bvumbura Clinic
Mashonaland East,Chikomba,Chivhu Clinic
Mashonaland East,Chikomba,Chivhu General Hospital
Mashonaland East,Chikomba,Daramombe Clinic
Mashonaland East,Chikomba,Gandachibvuva Mission Hospital
Mashonaland East,Chikomba,Gandami Clinic
Mashonaland East,Chikomba,Gokomere Clinic
Mashonaland East,Chikomba,Lancashire Clinic
Mashonaland East,Chikomba,Madamombe Clinic
Mashonaland East,Chikomba,Manyene Clinic
Mashonaland East,Chikomba,Masasa Clinic
Mashonaland East,Chikomba,Mbiru Clinic
Mashonaland East,Chikomba,Mufudziwakanaka Rural Health Centre
Mashonaland East,Chikomba,Murezi Rural Health Centre
Mashonaland East,Chikomba,Musumha Rural Health Centre
Mashonaland East,Chikomba,Mutoro Clinic
Mashonaland East,Chikomba,Mwerahari Clinic
Mashonaland East,Chikomba,Nhangabwe Clinic
Mashonaland East,Chikomba,Nharira Rural Hospital
Mashonaland East,Chikomba,Nyamhere Rural Health Centre
Mashonaland East,Chikomba,Philipsdale Clinic
Mashonaland East,Chikomba,Pokoteke Clinic
Mashonaland East,Chikomba,Range Rural Health Centre
Mashonaland East,Chikomba,Rutanhira Clinic
Mashonaland East,Chikomba,Shumba Clinic
Mashonaland East,Chikomba,Tavara Clinic
Mashonaland East,Chikomba,Unyetu Clinic
Mashonaland East,Chikomba,Wazvaramhaka Clinic
Mashonaland East,Chikomba,Wiltshire Clinic
Mashonaland East,Chikomba,Zvamatobwe Rural Health Centre
Mashonaland East,Goromonzi,Bosha Rural Health Centre
Mashonaland East,Goromonzi,Chikwaka Rural Hospital
Mashonaland East,Goromonzi,Chinyika Clinic
Mashonaland East,Goromonzi,Kowoyo Clinic
Mashonaland East,Goromonzi,Kubatsirana Clinic
Mashonaland East,Goromonzi,Mwanza Rural Health Centre
Mashonaland East,Goromonzi,Nyaure Clinic
Mashonaland East,Goromonzi,Pote Clinic
Mashonaland East,Goromonzi,Rusike Clinic
Mashonaland East,Goromonzi,Xanadu Clinic
Mashonaland East,Hwedza,Chigondo Clinic
Mashonaland East,Hwedza,Chikurumadziva Clinic
Mashonaland East,Hwedza,Chirume Clinic
Mashonaland East,Hwedza,Garaba Rural Health Centre
Mashonaland East,Hwedza,Goneso Rural Health Centre
Mashonaland East,Hwedza,Goto Clinic
Mashonaland East,Hwedza,Gotora/Skimpton Clinic
Mashonaland East,Hwedza,Hwedza Rural Hospital
Mashonaland East,Hwedza,Idube Clinic
Mashonaland East,Hwedza,Makarara Clinic
Mashonaland East,Hwedza,Mt St Mary's Mission Hospital
Mashonaland East,Hwedza,Mukamba Clinic
Mashonaland East,Hwedza,Sango Clinic
Mashonaland East,Hwedza,Sengezi Rural Health Centre
Mashonaland East,Hwedza,Zviduri Clinic
Mashonaland East,Marondera,Chimbwanda Rural Health Centre
Mashonaland East,Marondera,Chiota Rural Hospital
Mashonaland East,Marondera,Dimbiti Rural Health Centre
Mashonaland East,Marondera,Mahusekwa Hospital
Mashonaland East,Marondera,Marondera Provincial Hospital
Mashonaland East,Mudzi,Chikwizo Clinic
Mashonaland East,Mudzi,Chimukoko Rural Health Centre
Mashonaland East,Mudzi,Chingamuka Clinic
Mashonaland East,Mudzi,Chisvo Clinic
Mashonaland East,Mudzi,Chiunye Rural Health Centre
Mashonaland East,Mudzi,Dendera Clinic
Mashonaland East,Mudzi,Goromonzi Clinic
Mashonaland East,Mudzi,Gozi Rural Health Centre
Mashonaland East,Mudzi,Kapotesa Clinic
Mashonaland East,Mudzi,Kondo Rural Health Centre
Mashonaland East,Mudzi,Kotwa Clinic
Mashonaland East,Mudzi,Makaha Rural Health Centre
Mashonaland East,Mudzi,Masarakufa Rural Health Centre
Mashonaland East,Mudzi,Masenda Clinic
Mashonaland East,Mudzi,Mavhurazi clinic
Mashonaland East,Mudzi,Nyahuku Clinic
Mashonaland East,Mudzi,Nyamande Clinic
Mashonaland East,Mudzi,Nyamanyora Rural Health Centre
Mashonaland East,Mudzi,Nyamapanda Clinic
Mashonaland East,Mudzi,Nyamatawa Clinic
Mashonaland East,Mudzi,Nyamukoho Clinic
Mashonaland East,Mudzi,Nyapfunde Clinic
Mashonaland East,Mudzi,Nyarutepo Clinic
Mashonaland East,Mudzi,Shinga Clinic
Mashonaland East,Mudzi,St Pius Clinic
Mashonaland East,Mudzi,Suswe Clinic
Mashonaland East,Murewa,Chidiya Clinic
Mashonaland East,Murewa,Chitate Rural Health Centre
Mashonaland East,Murewa,Chitowa 2 Clinic
Mashonaland East,Murewa,Craiglea Clinic
Mashonaland East,Murewa,Dombwe Rural Health Centre
Mashonaland East,Murewa,Jekwa Rural Health Centre
Mashonaland East,Murewa,Kadenge Rural Health Centre
Mashonaland East,Murewa,Macheke Clinic
Mashonaland East,Murewa,Madamombe Rural Health Centre
Mashonaland East,Murewa,Muchinjike Rural Health Centre
Mashonaland East,Murewa,Munamba Rural Health Centre
Mashonaland East,Murewa,Nhowe Mission Hospital
Mashonaland East,Murewa,Waterloo Clinic
Mashonaland East,Mutoko,Charehwa Clinic
Mashonaland East,Mutoko,Chidye Clinic
Mashonaland East,Mutoko,Chikondoma Clinic
Mashonaland East,Mutoko,Chindenga Clinic
Mashonaland East,Mutoko,Hoyuyu I Rural Health Centre
Mashonaland East,Mutoko,Hoyuyu II Rural Health Centre
Mashonaland East,Mutoko,Kapondoro Rural Health Centre
Mashonaland East,Mutoko,Katsukunya Rural Health Centre
Mashonaland East,Mutoko,Kawazva Clinic
Mashonaland East,Mutoko,Kawere Rural Health Centre
Mashonaland East,Mutoko,Kushinga Rural Health Centre
Mashonaland East,Mutoko,Luisa Guidotti Mission Hospital
Mashonaland East,Mutoko,Madimutsa Clinic
Mashonaland East,Mutoko,Makosa Rural Hospital
Mashonaland East,Mutoko,Matedza Clinic
Mashonaland East,Mutoko,Mother of Peace Clinic
Mashonaland East,Mutoko,Mushimbo Rural Health Centre
Mashonaland East,Mutoko,Mutemwa Leprosy Settlement Clinic
Mashonaland East,Mutoko,Nyadire Mission Hospital
Mashonaland East,Mutoko,Nyadire Rural Health Centre
Mashonaland East,Mutoko,Nyamuzizi Rural Health Centre
Mashonaland East,Mutoko,Nyamuzuwe Rural Hospital
Mashonaland East,Mutoko,Nzira Rural Health Centre
Mashonaland East,Seke,Acton Reynolds Rural Health Centre
Mashonaland East,Seke,Beatrice Rural Hospital
Mashonaland East,Seke,Charakupa Clinic
Mashonaland East,Seke,Jonasi Clinic
Mashonaland East,Seke,Kunaka Hospital
Mashonaland East,Seke,Lanark Clinic
Mashonaland East,Seke,Makanyazingwa Clinic
Mashonaland East,Seke,Marirangwe Clinic
Mashonaland East,Seke,Masasa Rural Health Centre
Mashonaland East,Seke,Muda Clinic
Mashonaland East,Seke,Ringa Rural Health Centre
Mashonaland East,Seke,Zhakata Rural Health Centre
Mashonaland East,Uzumba Maramba Pfungwe,Borera Clinic
Mashonaland East,Uzumba Maramba Pfungwe,Chikuhwa Clinic
Mashonaland East,Uzumba Maramba Pfungwe,Chipfunde Clinic
Mashonaland East,Uzumba Maramba Pfungwe,Chitimbe Clinic
Mashonaland East,Uzumba Maramba Pfungwe,Chitsungo Clinic
Mashonaland East,Uzumba Maramba Pfungwe,Dewe Council Clinic
Mashonaland East,Uzumba Maramba Pfungwe,Dindi Clinic
Mashonaland East,Uzumba Maramba Pfungwe,Hombiro Clinic
Mashonaland East,Uzumba Maramba Pfungwe,Kafura Rural Health Centre
Mashonaland East,Uzumba Maramba Pfungwe,Karimbika Rural Health Centre
Mashonaland East,Uzumba Maramba Pfungwe,Manyika Clinic
Mashonaland East,Uzumba Maramba Pfungwe,Maramba Clinic
Mashonaland East,Uzumba Maramba Pfungwe,Marembera Rural Health Centre
Mashonaland East,Uzumba Maramba Pfungwe,Mashambanhaka Clinic
Mashonaland East,Uzumba Maramba Pfungwe,Muskwe Clinic
Mashonaland East,Uzumba Maramba Pfungwe,Nhakiwa Clinic
Mashonaland East,Uzumba Maramba Pfungwe,Nyagande clinic
Mashonaland East,Uzumba Maramba Pfungwe,Nyakasoro Clinic
Mashonaland East,Uzumba Maramba Pfungwe,Nyanzou Clinic
Mashonaland East,Uzumba Maramba Pfungwe,Sowa Rural Health Centre
Mashonaland East,Uzumba Maramba Pfungwe,Tsokodeka clinic
Mashonaland East,Chikomba,Mashayamvura Clinic
Mashonaland East,Chikomba,Mushipe Clinic
Mashonaland East,Goromonzi,Chinamhora Clinic
Mashonaland East,Marondera,Border Church Rural Health Centre
Mashonaland East,Mutoko,Kowo Clinic
Midlands,Chirumhanzu,Chengwena Clinic
Midlands,Chirumhanzu,Chilimanzi Rural Hospital
Midlands,Chirumhanzu,Chizhou Clinic
Midlands,Chirumhanzu,Denhere Clinic
Midlands,Chirumhanzu,Doroguru Clinic
Midlands,Chirumhanzu,Guramatunhu Clinic
Midlands,Chirumhanzu,Hama Clinic
Midlands,Chirumhanzu,Holy Cross Mission Hospital
Midlands,Chirumhanzu,Lalapanzi Clinic
Midlands,Chirumhanzu,Lynwood Clinic
Midlands,Chirumhanzu,Mapiravana Clinic
Midlands,Chirumhanzu,Musena Rural Health Centre
Midlands,Chirumhanzu,Muvonde Mission Hospital
Midlands,Chirumhanzu,Nyautonge Rural Health Centre
Midlands,Chirumhanzu,Nyikavanhu Clinic
Midlands,Chirumhanzu,Siyahokwe Clinic
Midlands,Chirumhanzu,St Theresa Mission Hospital
Midlands,Chirumhanzu,Tokwe 4 Clinic
Midlands,Gokwe North,Burure Clinic
Midlands,Gokwe North,Chireya Mission Hospital
Midlands,Gokwe North,Chirisa Clinic
Midlands,Gokwe North,Denda Clinic
Midlands,Gokwe North,Gandavaroyi Clinic
Midlands,Gokwe North,Goredema Clinic
Midlands,Gokwe North,Gumunyu Clinic
Midlands,Gokwe North,Kadzidirire Rural Health Centre
Midlands,Gokwe North,Kahobo Clinic
Midlands,Gokwe North,Kuwirirana Clinic
Midlands,Gokwe North,Madzivazvido Rural Health Centre
Midlands,Gokwe North,Mashame Rural Health Centre
Midlands,Gokwe North,Murunguziva Clinic
Midlands,Gokwe North,Musadzi Rural Health Centre
Midlands,Gokwe North,Mutora Mission Hospital
Midlands,Gokwe North,Nenyunga Clinic
Midlands,Gokwe North,Norah Rural Health Centre
Midlands,Gokwe North,Nyamatsito Clinic
Midlands,Gokwe North,Nyaurungwe Clinic
Midlands,Gokwe North,Rubatsiro Clinic
Midlands,Gokwe North,Simchembu Rural Health Centre
Midlands,Gokwe North,Tsungai Rural Health Centre
Midlands,Gokwe North,Vumba Clinic
Midlands,Gokwe North,Zhomba Clinic
Midlands,Gokwe North,Zumba Clinic
Midlands,Gokwe North,Zvanaka Clinic
Midlands,Gokwe South,Chemahororo Clinic
Midlands,Gokwe South,Cheziya Clinic
Midlands,Gokwe South,Chitave Clinic
Midlands,Gokwe South,Gwanyika Rural Health Centre
Midlands,Gokwe South,Huchu Clinic
Midlands,Gokwe South,Jahana Clinic
Midlands,Gokwe South,Krima Clinic
Midlands,Gokwe South,Mangidi Clinic
Midlands,Gokwe South,Manoti Clinic
Midlands,Gokwe South,Manyoni Clinic
Midlands,Gokwe South,Masuka Clinic
Midlands,Gokwe South,Mateta Rural Health Centre
Midlands,Gokwe South,Msala Clinic
Midlands,Gokwe South,Musita Clinic
Midlands,Gokwe South,Njelele clinic
Midlands,Gokwe South,Nyaje Rural Health Centre
Midlands,Gokwe South,Sai Clinic
Midlands,Gokwe South,Tongwe Clinic
Midlands,Gokwe South,Zhamba Clinic
Midlands,Gweru,Child Welfare Clinic
Midlands,Gweru,Chinamasa Clinic
Midlands,Gweru,Gweru Provincial Hospital
Midlands,Gweru,Ivene Clinic
Midlands,Gweru,Maboleni Clinic
Midlands,Gweru,Makepesi Clinic
Midlands,Gweru,Monomutapa Clinic
Midlands,Gweru,Ntabamhlope Rural Health Centre
Midlands,Gweru,Nyama Clinic
Midlands,Gweru,Totonga Clinic
Midlands,Gweru,Tumbire Clinic
Midlands,Gweru,Vungu Clinic
Midlands,Gweru,Vungu Mobile
Midlands,Kwekwe,Al Davies Clinic
Midlands,Kwekwe,Amaveni Clinic
Midlands,Kwekwe,Dambridge Clinic
Midlands,Kwekwe,Exchange Clinic
Midlands,Kwekwe,Gomola Clinic
Midlands,Kwekwe,Mazebe Rural Health Centre
Midlands,Kwekwe,Mpinda Clinic
Midlands,Kwekwe,Munyati Clinic
Midlands,Kwekwe,Ntabeni Clinic
Midlands,Kwekwe,Nyoni Rural Health Centre
Midlands,Kwekwe,Redcliff Clinic
Midlands,Kwekwe,Rutendo Clinic
Midlands,Kwekwe,Samambwa Clinic
Midlands,Kwekwe,Sebakwe Clinic
Midlands,Kwekwe,Sherwood Clinic
Midlands,Kwekwe,Sidakeni Clinic
Midlands,Kwekwe,Silobela Jackson Clinic
Midlands,Kwekwe,Simana Clinic
Midlands,Mberengwa,Chabwira Clinic
Midlands,Mberengwa,Chaza Clinic
Midlands,Mberengwa,Chiedza Clinic
Midlands,Mberengwa,Chingezi Clinic
Midlands,Mberengwa,Gaha Clinic
Midlands,Mberengwa,Imbahuru Clinic
Midlands,Mberengwa,Ingezi Clinic
Midlands,Mberengwa,Jeka Rural Hospital
Midlands,Mberengwa,Masase Mission Hospital
Midlands,Mberengwa,Mataga Rural Health Centre
Midlands,Mberengwa,Matedzi Clinic
Midlands,Mberengwa,Mavorovondo Rural Health Centre
Midlands,Mberengwa,Mazivofa Clinic
Midlands,Mberengwa,Mnene Mission Hospital
Midlands,Mberengwa,Mponjani Clinic
Midlands,Mberengwa,Mposi Clinic
Midlands,Mberengwa,Murongwe Rural Health Centre
Midlands,Mberengwa,Musume Mission Hospital
Midlands,Mberengwa,Ngungumbane Clinic
Midlands,Mberengwa,Sandawana Clinic
Midlands,Mberengwa,Vurasha Rural Health Centre
Midlands,Mberengwa,Vutsanana Clinic
Midlands,Shurugwi,Banga Clinic
Midlands,Shurugwi,Chikato Rural Health Centre
Midlands,Shurugwi,Chironde Rural Health Centre
Midlands,Shurugwi,Chitora Rural Health Centre
Midlands,Shurugwi,Dorset Rural Health Centre
Midlands,Shurugwi,Golden Quarry Mine Clinic
Midlands,Shurugwi,Gundura Clinic
Midlands,Shurugwi,Gwanza Rural Health Centre
Midlands,Shurugwi,Hanke Clinic
Midlands,Shurugwi,Jobolinko Clinic
Midlands,Shurugwi,Makusha Clinic
Midlands,Shurugwi,Marishongwe Rural Health Centre
Midlands,Shurugwi,Mazibisa Clinic
Midlands,Shurugwi,Nhema Clinic
Midlands,Shurugwi,Pakame Clinic
Midlands,Shurugwi,Rockford Clinic
Midlands,Shurugwi,Ruchanyu Clinic
Midlands,Shurugwi,Rusike Rural Health Centre
Midlands,Shurugwi,Svika Rural Health Centre
Midlands,Shurugwi,Tana Rural Health Centre
Midlands,Shurugwi,Tokwe Clinic
Midlands,Shurugwi,Tongogara Clinic
Midlands,Shurugwi,Zhaugwe Rural Health Centre
Midlands,Shurugwi,Zvamabande Rural Hospital
Midlands,Shurugwi,Zvarota Rural Health Centre
Midlands,Shurugwi,Zviumwa RDC clinic
Midlands,Zvishavane,Chirere Clinic
Midlands,Zvishavane,Dambudzo Clinic
Midlands,Zvishavane,Dayataya RHC Clinic
Midlands,Zvishavane,Gudo Clinic
Midlands,Zvishavane,Lundi Rural Hospital
Midlands,Zvishavane,Mabasa Clinic
Midlands,Zvishavane,Maketo Rural Health Centre
Midlands,Zvishavane,Mandava Health Centre
Midlands,Zvishavane,Mapanzure Clinic
Midlands,Zvishavane,Marira Clinic
Midlands,Zvishavane,Matenda Rural Health Centre
Midlands,Zvishavane,Mhondongori Rural Health Centre
Midlands,Zvishavane,Mimosa Clinic
Midlands,Zvishavane,Mrowa Clinic
Midlands,Zvishavane,Mtambi Clinic
Midlands,Zvishavane,Sabi Mine Clinic
Midlands,Zvishavane,Shabani Mine Hospital
Midlands,Zvishavane,Vugwi Rural Health Centre
Midlands,Zvishavane,Vukuzenzele Rural Health Centre
Midlands,Zvishavane,Welezi Clinic
Midlands,Gokwe South,Gawa Clinic
Midlands,Mberengwa,Makuwerere Clinic
Midlands,Mberengwa,Svita Clinic
Matabeleland North,Binga,Chibila Clinic
Matabeleland North,Binga,Chinego Rural Health Centre
Matabeleland North,Binga,Chipale Clinic
Matabeleland North,Binga,Chisizya Clinic
Matabeleland North,Binga,Chunga Rural Health Centre
Matabeleland North,Binga,Kariyangwe Mission Hospital
Matabeleland North,Binga,Lubimbi Rural Health Centre
Matabeleland North,Binga,Lusulu Rural Health Centre
Matabeleland North,Binga,Malaliya Clinic
Matabeleland North,Binga,Muchesu Rural Health Centre
Matabeleland North,Binga,Pashu Clinic
Matabeleland North,Binga,Siabuwa Rural Hospital
Matabeleland North,Binga,Siadindi Rural Health Centre
Matabeleland North,Binga,Siansundu Rural Health Centre
Matabeleland North,Binga,Simatelele Rural Health Centre
Matabeleland North,Binga,Sinakoma Clinic
Matabeleland North,Binga,Sinansengwe Clinic
Matabeleland North,Binga,Tinde Clinic
Matabeleland North,Bubi,Lukala Rural Health Centre
Matabeleland North,Bubi,Majiji Clinic
Matabeleland North,Bubi,Raafs Rural Health Centre
Matabeleland North,Bubi,Turk Mine Clinic
Matabeleland North,Hwange,Chinotimba Clinic
Matabeleland North,Hwange,Chisuma RHC
Matabeleland North,Hwange,Dete RHC
Matabeleland North,Hwange,Dinde RHC
Matabeleland North,Hwange,Empumalanga Clinic
Matabeleland North,Hwange,Hwange Colliery Hospital
Matabeleland North,Hwange,Jambezi RHC
Matabeleland North,Hwange,Kamativi RHC
Matabeleland North,Hwange,Kanywambizi RHC
Matabeleland North,Hwange,Lukosi Rural Hospital
Matabeleland North,Hwange,Lukunguni Clinic
Matabeleland North,Hwange,Lupote Clinic
Matabeleland North,Hwange,Mabale Clinic
Matabeleland North,Hwange,Main Camp Clinic
Matabeleland North,Hwange,Milonga Rural Health Center
Matabeleland North,Hwange,Mwakandara Rural Health Centre
Matabeleland North,Hwange,Mwemba Rural Health Centre
Matabeleland North,Hwange,Ndlovu Clinic
Matabeleland North,Hwange,No 1 Clinic
Matabeleland North,Hwange,NO 2 CLINIC
Matabeleland North,Hwange,NO 3 CLINIC
Matabeleland North,Hwange,NO 5 CLINIC
Matabeleland North,Hwange,Sidinda Rural Health Center
Matabeleland North,Hwange,Simangane Clinic
Matabeleland North,Hwange,Songwa RHC
Matabeleland North,Hwange,St Patricks Mission Hospital
Matabeleland North,Hwange,Victoria Falls Hospital
Matabeleland North,Hwange,Zesa Chibondo Clinic
Matabeleland North,Hwange,ZESA Ingagula Clinic
Matabeleland North,Lupane,Fatima Mission Clinic
Matabeleland North,Lupane,Gomoza Rural Health Centre
Matabeleland North,Lupane,Jotsholo Clinic
Matabeleland North,Lupane,Lupaka Clinic
Matabeleland North,Lupane,Lupane Rural Health Centre
Matabeleland North,Nkayi,Dakamela Rural Hospital
Matabeleland North,Nkayi,Mateme Rural Health Centre
Matabeleland North,Nkayi,Mbuma Mission Hospital
Matabeleland North,Nkayi,Sikhobokhobo Clinic
Matabeleland North,Nkayi,Sivalo Rural Health Centre
Matabeleland North,Nkayi,Zenka Rural Health Centre
Matabeleland North,Tsholotsho,Jimila Clinic
Matabeleland North,Tsholotsho,Jowa Clinic
Matabeleland North,Tsholotsho,Madlangombe Clinic
Matabeleland North,Tsholotsho,Mlagisa Rural Health Centre
Matabeleland North,Tsholotsho,Mpanedziba Clinic
Matabeleland North,Tsholotsho,Ngamo Clinic
Matabeleland North,Tsholotsho,Sikente Clinic
Matabeleland North,Tsholotsho,Sodaka Rural Health Centre
Matabeleland North,Tsholotsho,Tshitatshawa Clinic
Matabeleland North,Tsholotsho,Tsholotsho Urban Clinic
Matabeleland North,Umguza,Fingo Clinic
Matabeleland North,Umguza,Igusi Rural Health Centre
Matabeleland North,Umguza,Lozikeyi Clinic
Matabeleland North,Umguza,Mbembesi Rural health Centre
Matabeleland North,Umguza,Redwood Clinic
Matabeleland North,Umguza,Umuntu Clinic
Matabeleland North,Umguza,Ntabazinduna Clinic
Matabeleland South,Beitbridge,Dite Rural Health Centre
Matabeleland South,Beitbridge,Dulibadzimu Clinic
Matabeleland South,Beitbridge,Majini Rural Health Centre
Matabeleland South,Beitbridge,Makombe Clinic
Matabeleland South,Beitbridge,Masera Clinic
Matabeleland South,Beitbridge,Mazunga Clinic
Matabeleland South,Beitbridge,Mtetengwe Clinic
Matabeleland South,Beitbridge,Nottingham Rural Health Centre
Matabeleland South,Beitbridge,Shabwe Rural Health Centre
Matabeleland South,Beitbridge,Shashe Clinic
Matabeleland South,Beitbridge,Swereki Clinic
Matabeleland South,Beitbridge,Tongwe Clinic
Matabeleland South,Beitbridge,Tshabili clinic
Matabeleland South,Bulilima,Bezu Clinic
Matabeleland South,Bulilima,Dombodema Clinic
Matabeleland South,Bulilima,Huwana Clinic
Matabeleland South,Bulilima,Malalume Clinic
Matabeleland South,Bulilima,Masendu Clinic
Matabeleland South,Bulilima,Matjinge Rural Health Centre
Matabeleland South,Bulilima,Mbimba Clinic
Matabeleland South,Bulilima,Ndiweni Clinic
Matabeleland South,Bulilima,Nswazwi Rural Health Centre
Matabeleland South,Bulilima,Tokwana Clinic
Matabeleland South,Bulilima,Village 13 Rural Health Centre
Matabeleland South,Gwanda,Buvuma Clinic
Matabeleland South,Gwanda,Garanyemba Clinic
Matabeleland South,Gwanda,Gwanda Provincial Hospital
Matabeleland South,Gwanda,Kafusi Clinic
Matabeleland South,Gwanda,Lushongwe Clinic
Matabeleland South,Gwanda,Manama Mission Hospital
Matabeleland South,Gwanda,Mashaba Clinic
Matabeleland South,Gwanda,Mtshabezi Mission Hospital
Matabeleland South,Gwanda,Mzimuni Clinic
Matabeleland South,Gwanda,Ntalale Clinic
Matabeleland South,Gwanda,Sitezi Clinic
Matabeleland South,Insiza,Amazon Clinic
Matabeleland South,Insiza,Avoca Rural Hospital
Matabeleland South,Insiza,Gwatemba Rural Health Centre
Matabeleland South,Insiza,Mabuze Rural Health Centre
Matabeleland South,Insiza,Mbondo Clinic
Matabeleland South,Insiza,Montrose Clinic
Matabeleland South,Insiza,Nkankezi Rural Health Centre
Matabeleland South,Insiza,Nyamime Rural Health Centre
Matabeleland South,Insiza,Sanale Rural Health Centre
Matabeleland South,Insiza,Shangani Rural Hospital
Matabeleland South,Insiza,Singwambizi Clinic
Matabeleland South,Insiza,Singwango Clinic
Matabeleland South,Insiza,Zhulube Clinic
Matabeleland South,Mangwe,Dingumuzi Clinic
Matabeleland South,Mangwe,Madabe Clinic
Matabeleland South,Mangwe,Mambale Clinic
Matabeleland South,Mangwe,Maninji Clinic
Matabeleland South,Mangwe,Marula Clinic
Matabeleland South,Mangwe,Mayobodo Rural Health Centre
Matabeleland South,Mangwe,Sanzukwi Clinic
Matabeleland South,Mangwe,Tshitshi Clinic
Matabeleland South,Matobo,Cyrene Mission Clinic
Matabeleland South,Matobo,Fumugwe Clinic
Matabeleland South,Matobo,Homestead Rural Health Centre
Matabeleland South,Matobo,Kezi Rural Hospital
Matabeleland South,Matobo,Mlugulu Clinic
Matabeleland South,Matobo,Natisa Rural Health Centre
Matabeleland South,Matobo,Ndabankulu Clinic
Matabeleland South,Matobo,Tshelanyemba Mission Hospital
Matabeleland South,Umzingwane,Dula Clinic
Matabeleland South,Umzingwane,Mawabeni Clinic
Matabeleland South,Umzingwane,Mhlahlandlela Clinic
Matabeleland South,Umzingwane,Nhlangano Clinic
Matabeleland South,Umzingwane,Nswazi Clinic
Matabeleland South,Umzingwane,Ntshamathe Clinic
Matabeleland South,Umzingwane,Shale Clinic
Matabeleland South,Umzingwane,Zimbili clinic
Masvingo,Bikita,Bikita Minerals Clinic
Masvingo,Bikita,Bikita Rural Hospital
Masvingo,Bikita,Chikuku Rural Hospital
Masvingo,Bikita,Chirorwe Rural Health Centre
Masvingo,Bikita,Chitasa Clinic
Masvingo,Bikita,Dewure I Rural Health Centre
Masvingo,Bikita,Gangare Rural Health Centre
Masvingo,Bikita,Gava Rural Health Centre
Masvingo,Bikita,Hozvi Clinic
Masvingo,Bikita,Mandara Clinic
Masvingo,Bikita,Marozva Clinic
Masvingo,Bikita,Mashoko Mission Hospital
Masvingo,Bikita,Mukanga Rural Health Centre
Masvingo,Bikita,Mukore Rural Health Centre
Masvingo,Bikita,Mungezi Rural Health Centre
Masvingo,Bikita,Murwira Clinic
Masvingo,Bikita,Mutikizizi Rural Health Centre
Masvingo,Bikita,Muvava Clinic
Masvingo,Bikita,Negovani Clinic
Masvingo,Bikita,Ngorima Rural Health Centre
Masvingo,Bikita,Nyika Rural Health Centre
Masvingo,Bikita,Odzi Clinic
Masvingo,Bikita,Ruponeso Clinic
Masvingo,Bikita,Silveira Mission Hospital
Masvingo,Chiredzi,Chambuta Clinic
Masvingo,Chiredzi,Chingele Clinic
Masvingo,Chiredzi,Chipiwa Clinic
Masvingo,Chiredzi,Chiredzi Hospital
Masvingo,Chiredzi,Chitsa Clinic
Masvingo,Chiredzi,Damarakanaka Clinic
Masvingo,Chiredzi,Dumisa Clinic
Masvingo,Chiredzi,Faversham Clinic
Masvingo,Chiredzi,Gwaseche Clinic
Masvingo,Chiredzi,Makambe Clinic
Masvingo,Chiredzi,Malipati Rural Health Centre
Masvingo,Chiredzi,Mkwasine Clinic
Masvingo,Chiredzi,Neromwe Clinic
Masvingo,Chiredzi,Pahlela Clinic
Masvingo,Chiredzi,Porepore Clinic
Masvingo,Chiredzi,Rusununguko Clinic
Masvingo,Chiredzi,Rutandare Clinic
Masvingo,Chivi,Bwanya Clinic
Masvingo,Chivi,Chasiyatende Clinic
Masvingo,Chivi,Chidyamakono Clinic
Masvingo,Chivi,Chifedza Clinic
Masvingo,Chivi,Chigwikwi Rural Health Centre
Masvingo,Chivi,Chivi Mission Clinic
Masvingo,Chivi,Chivi Rural Hospital
Masvingo,Chivi,Davira Clinic
Masvingo,Chivi,Gororo Clinic
Masvingo,Chivi,Madzivadondo Clinic
Masvingo,Chivi,Masinire Clinic
Masvingo,Chivi,Ngundu Rural Health Centre
Masvingo,Chivi,Razi Rural Health Centre
Masvingo,Chivi,Takavarasha Rural Health Centre
Masvingo,Gutu,Chepiri Clinic
Masvingo,Gutu,Cheshuro Clinic
Masvingo,Gutu,Chimombe Rural Hospital
Masvingo,Gutu,Chitando Rural Health Centre
Masvingo,Gutu,Dambara Clinic
Masvingo,Gutu,Denhere Clinic
Masvingo,Gutu,Gutu Mission Hospital
Masvingo,Gutu,Magombedze Clinic
Masvingo,Gutu,Mataruse Clinic
Masvingo,Gutu,Muchekayaora Clinic
Masvingo,Gutu,Nyazvidzi Clinic
Masvingo,Gutu,Serima Mission Hospital
Masvingo,Gutu,Zinhata Clinic
Masvingo,Masvingo,Bere Clinic
Masvingo,Masvingo,Charumbira Clinic
Masvingo,Masvingo,Chatikobo Clinic
Masvingo,Masvingo,Gundura Clinic
Masvingo,Masvingo,Mapanzure Clinic
Masvingo,Masvingo,Murinye Clinic
Masvingo,Masvingo,Ngomahuru Rural Health Centre
Masvingo,Masvingo,Nyajena Rural Hospital
Masvingo,Masvingo,Nyamande Clinic
Masvingo,Masvingo,Nyikavanhu Rural Health Centre
Masvingo,Masvingo,Renco Mine Clinic
Masvingo,Masvingo,Rujeko Clinic
Masvingo,Masvingo,Rukovo Clinic
Masvingo,Masvingo,Runyararo Clinic
Masvingo,Masvingo,Shonganiso Clinic
Masvingo,Masvingo,Shumba Clinic
Masvingo,Masvingo,Zano Clinic
Masvingo,Masvingo,Zimuto BC Clinic
Masvingo,Mwenezi,Lundi Clinic
Masvingo,Mwenezi,Matibi Mission Hospital
Masvingo,Mwenezi,Mazetese Clinic
Masvingo,Mwenezi,Murove Clinic
Masvingo,Mwenezi,Mushava Clinic
Masvingo,Mwenezi,Mwenezana Clinic
Masvingo,Mwenezi,Mwenezi Clinic
Masvingo,Mwenezi,Rutenga Clinic
Masvingo,Zaka,Bota Clinic
Masvingo,Zaka,Bvukururu Clinic
Masvingo,Zaka,Chinyabako Clinic
Masvingo,Zaka,Chipinda Rural Health Centre
Masvingo,Zaka,Chiredzana Clinic
Masvingo,Zaka,Harava Rural Health Centre
Masvingo,Zaka,Jichidza Council Clinic
Masvingo,Zaka,Jichidza Mission Clinic
Masvingo,Zaka,Machiva Clinic
Masvingo,Zaka,Mandhloro Clinic
Masvingo,Zaka,Murerekwa Clinic
Masvingo,Zaka,Mushaya Clinic
Masvingo,Zaka,Musiso Mission Hospital
Masvingo,Zaka,Ndanga Clinic
Masvingo,Zaka,Ndanga Hospital
Masvingo,Zaka,Nhema Clinic
Masvingo,Zaka,Njiva Clinic
Masvingo,Zaka,Nyakunhuwa Clinic
Masvingo,Zaka,Siyawareva Clinic
Masvingo,Zaka,Veza Clinic
Masvingo,Bikita,Dewure II Rural Health Centre
Mashonaland West,Chegutu,Brunswick Clinic
Mashonaland West,Chegutu,Chinengundu Clinic
Mashonaland West,Chegutu,Dombwe Clinic
Mashonaland West,Chegutu,Fanham Clinic
Mashonaland West,Chegutu,Glenluce Clinic
Mashonaland West,Chegutu,Gora Rural Health Centre
Mashonaland West,Chegutu,Homedale Clinic
Mashonaland West,Chegutu,Mafuti Clinic
Mashonaland West,Chegutu,Mbuyanehanda Rural Health Centre
Mashonaland West,Chegutu,Mhondoro Rural Hospital
Mashonaland West,Chegutu,Munemo Clinic
Mashonaland West,Chegutu,Mupfure Clinic
Mashonaland West,Chegutu,Musinami Rural Health Centre
Mashonaland West,Chegutu,Norton Hospital
Mashonaland West,Chegutu,Padre Pio Poly Clinic
Mashonaland West,Chegutu,Presbyterian Clinic
Mashonaland West,Chegutu,Tasunungurwa Clinic
Mashonaland West,Hurungwe,Chibara Clinic
Mashonaland West,Hurungwe,Chidamoyo Mission Hospital
Mashonaland West,Hurungwe,Doro Clinic
Mashonaland West,Hurungwe,Hurungwe Rural Hospital
Mashonaland West,Hurungwe,Karoi Static Clinic
Mashonaland West,Hurungwe,Tengwe Clinic
Mashonaland West,Kariba,Chalala RDC Clinic
Mashonaland West,Kariba,Gache-Gache Rural Health Centre
Mashonaland West,Kariba,Kanyati Rural Health Centre
Mashonaland West,Kariba,Kasvisva RDC Clinic
Mashonaland West,Kariba,Mahombekombe Clinic
Mashonaland West,Kariba,Mayovhe RDC clinic
Mashonaland West,Kariba,Mola Clinic
Mashonaland West,Kariba,Msampakaruma RDC Clinic
Mashonaland West,Kariba,Negande Rural Health Centre
Mashonaland West,Kariba,Nyamhunga (kab) Clinic
Mashonaland West,Kariba,Siyakobvu rural hospital
Mashonaland West,Mhondoro,Battlefieds clinic
Mashonaland West,Mhondoro,Cuba RDC Clinic
Mashonaland West,Kadoma Sanyati,Chakari Mine Clinic
Mashonaland West,Kadoma Sanyati,Chegutu 6 Clinic
Mashonaland West,Kadoma Sanyati,Jompani Rural Health Centre
Mashonaland West,Kadoma Sanyati,New Geja Rural Health Centre
Mashonaland West,Kadoma Sanyati,Nyabango Rural Health Centre
Mashonaland West,Kadoma Sanyati,Nyamatani Rural Health Centre
Mashonaland West,Kadoma Sanyati,Nyaonde Rural Health Centre
Mashonaland West,Kadoma Sanyati,Sanyati Mission Hospital
Mashonaland West,Kadoma Sanyati,Vere Rural Health Centre
Mashonaland West,Zvimba,Darwendale Rural Hospital
Mashonaland West,Zvimba,Father O'Hea Mission Hospital
Mashonaland West,Zvimba,Muriel Mine Clinic
Mashonaland West,Zvimba,Raffingora Rural Hospital
Mashonaland West,Zvimba,Zvimba Rural Hospital
Mashonaland West,Hurungwe,Zebra Downs Clinic
